Timepoint,Time,Wavelength,Plate,Row,1,2,3,4,5,6,7,8,9,10,11,12,13,14,15,16,17,18,19,20,21,22,23,24
T0,21/06/2021 16:14:10,750nm,Lid, A,0.286498,0.282412,0.290362,0.28519,0.284451,0.280936,0.280315,0.277351,0.278826,0.276138,0.277746,0.277102,0.276989,0.278557,0.274865,0.271869,0.271996,0.276286,0.269713,0.270579,0.271384,0.271088,0.272074,0.273597
T0,21/06/2021 16:14:10,750nm,Lid, B,0.285281,0.288,0.279484,0.285904,0.288255,0.280678,0.279797,0.27678,0.279541,0.277394,0.273406,0.27631,0.276888,0.27583,0.274526,0.273638,0.272206,0.273205,0.27356,0.269574,0.277763,0.272872,0.282313,0.275169
T0,21/06/2021 16:14:10,750nm,Lid, C,0.285053,0.284573,0.283046,0.283009,0.295269,0.281507,0.28181,0.276794,0.277633,0.273807,0.274855,0.275499,0.277039,0.27089,0.271436,0.2714,0.268579,0.2674,0.2664,0.268295,0.26514,0.267226,0.272593,0.274701
T0,21/06/2021 16:14:10,750nm,Lid, D,0.280063,0.28524,0.279872,0.282727,0.282358,0.282286,0.281409,0.276045,0.281074,0.276123,0.275681,0.274694,0.273623,0.27314,0.272302,0.272808,0.271205,0.266755,0.276085,0.270341,0.276774,0.267016,0.28129,0.282518
T0,21/06/2021 16:14:10,750nm,Lid, E,0.278221,0.281239,0.284553,0.283599,0.283889,0.281668,0.275904,0.272082,0.279463,0.269844,0.276227,0.272441,0.272381,0.269779,0.271728,0.272365,0.27124,0.275241,0.27122,0.274012,0.266635,0.271465,0.27668,0.271859
T0,21/06/2021 16:14:10,750nm,Lid, F,0.283284,0.285329,0.28544,0.282114,0.278974,0.280202,0.273527,0.269461,0.277824,0.273308,0.273185,0.271993,0.27386,0.272414,0.267655,0.269701,0.26832,0.268761,0.272194,0.270814,0.279208,0.265522,0.279329,0.28082
T0,21/06/2021 16:14:10,750nm,Lid, G,0.284901,0.285359,0.278978,0.283986,0.283701,0.281383,0.274256,0.268894,0.28318,0.269181,0.277943,0.271501,0.274594,0.270499,0.27218,0.272739,0.275066,0.272052,0.269358,0.260711,0.273966,0.273656,0.276154,0.268458
T0,21/06/2021 16:14:10,750nm,Lid, H,0.283805,0.287084,0.283344,0.278759,0.280264,0.283296,0.274592,0.267561,0.280387,0.272716,0.273287,0.270336,0.274051,0.272297,0.267155,0.269433,0.266575,0.260489,0.26934,0.272244,0.273309,0.26904,0.268035,0.275161
T0,21/06/2021 16:14:10,750nm,Lid, I,0.285827,0.284525,0.279436,0.273962,0.278861,0.267413,0.266361,0.263348,0.278501,0.263287,0.278714,0.267239,0.275037,0.273892,0.269463,0.268603,0.273614,0.270061,0.264154,0.25794,0.271515,0.271371,0.27479,0.266377
T0,21/06/2021 16:14:10,750nm,Lid, J,0.281329,0.282334,0.287799,0.273074,0.272944,0.28289,0.271415,0.263404,0.280752,0.271858,0.270706,0.268691,0.273234,0.274084,0.265525,0.267363,0.263777,0.257324,0.269173,0.271272,0.273709,0.262733,0.268449,0.272911
T0,21/06/2021 16:14:10,750nm,Lid, K,0.293065,0.285684,0.285197,0.275692,0.28365,0.285294,0.266824,0.266746,0.282419,0.267149,0.278523,0.268113,0.275303,0.273352,0.271257,0.272176,0.273919,0.273833,0.270839,0.259484,0.274364,0.275087,0.275268,0.269023
T0,21/06/2021 16:14:10,750nm,Lid, L,0.284572,0.286148,0.284939,0.279309,0.28042,0.282846,0.268661,0.26435,0.279552,0.272208,0.270496,0.265565,0.272149,0.27068,0.265808,0.271554,0.262555,0.261098,0.271579,0.274723,0.283119,0.266052,0.276382,0.278691
T0,21/06/2021 16:14:10,750nm,Lid, M,0.288026,0.284759,0.28639,0.275355,0.28577,0.281686,0.268776,0.266894,0.278912,0.266932,0.278208,0.265983,0.273297,0.265741,0.265625,0.268048,0.273203,0.271431,0.272611,0.256919,0.27228,0.271446,0.271872,0.268038
T0,21/06/2021 16:14:10,750nm,Lid, N,0.283365,0.285593,0.291652,0.275167,0.283727,0.282275,0.265419,0.266244,0.2813,0.268244,0.26603,0.265829,0.27007,0.268489,0.261774,0.268147,0.262882,0.259302,0.26661,0.274417,0.272913,0.264802,0.271238,0.277249
T0,21/06/2021 16:14:10,750nm,Lid, O,0.284527,0.280749,0.285884,0.279508,0.28634,0.282676,0.273603,0.2772,0.284457,0.27159,0.281551,0.269664,0.274872,0.26835,0.269339,0.267634,0.279142,0.277036,0.273347,0.263491,0.27733,0.276923,0.273556,0.269853
T0,21/06/2021 16:14:10,750nm,Lid, P,0.282758,0.278906,0.288387,0.279466,0.278605,0.284404,0.275442,0.273006,0.283433,0.274061,0.27073,0.274739,0.273854,0.278175,0.271705,0.274067,0.26609,0.269103,0.26953,0.276965,0.272109,0.267867,0.277707,0.283403
T0,21/06/2021 16:14:10,750nm,Breathe-Easy, A,0.279483,0.281682,0.279563,0.282227,0.28033,0.275449,0.279229,0.273834,0.277828,0.274646,0.275396,0.279246,0.27766,0.275185,0.271548,0.270496,0.275841,0.279345,0.275505,0.274284,0.273464,0.274177,0.273914,0.275296
T0,21/06/2021 16:14:10,750nm,Breathe-Easy, B,0.282255,0.280858,0.278622,0.278435,0.278238,0.276845,0.282456,0.278202,0.279441,0.274768,0.276492,0.277869,0.280135,0.275358,0.269107,0.270407,0.272533,0.276206,0.271572,0.273754,0.276271,0.276218,0.271789,0.280991
T0,21/06/2021 16:14:10,750nm,Breathe-Easy, C,0.276784,0.280378,0.278717,0.272972,0.280222,0.280897,0.277891,0.27517,0.27707,0.273036,0.274017,0.278362,0.277602,0.273183,0.275771,0.271672,0.274579,0.276327,0.274715,0.274355,0.271723,0.26963,0.274636,0.275472
T0,21/06/2021 16:14:10,750nm,Breathe-Easy, D,0.276082,0.281562,0.273461,0.27739,0.285077,0.279376,0.283423,0.279964,0.272941,0.271615,0.273159,0.277245,0.278107,0.273061,0.269649,0.272212,0.272155,0.270816,0.272485,0.269701,0.271433,0.276159,0.273205,0.282019
T0,21/06/2021 16:14:10,750nm,Breathe-Easy, E,0.281114,0.281133,0.270969,0.275697,0.274182,0.281219,0.279945,0.273399,0.278058,0.276724,0.272152,0.274886,0.278894,0.275841,0.276175,0.27891,0.271458,0.272914,0.271495,0.273508,0.274629,0.273828,0.274297,0.275953
T0,21/06/2021 16:14:10,750nm,Breathe-Easy, F,0.2822,0.27544,0.280891,0.279607,0.277414,0.275733,0.274402,0.276128,0.28217,0.277043,0.267585,0.272429,0.273447,0.276677,0.278855,0.273859,0.272525,0.271048,0.272763,0.274035,0.27341,0.276346,0.272737,0.276415
T0,21/06/2021 16:14:10,750nm,Breathe-Easy, G,0.284144,0.280018,0.279649,0.275556,0.274026,0.272736,0.281744,0.275361,0.283421,0.280313,0.278039,0.277099,0.280016,0.276421,0.277747,0.275671,0.273182,0.27375,0.275153,0.273102,0.27574,0.274936,0.276342,0.274538
T0,21/06/2021 16:14:10,750nm,Breathe-Easy, H,0.285965,0.274548,0.274315,0.280435,0.279174,0.277678,0.279975,0.278772,0.281525,0.278603,0.27575,0.278131,0.27359,0.279023,0.280358,0.275757,0.274941,0.271575,0.272509,0.276191,0.273305,0.275192,0.274278,0.275885
T0,21/06/2021 16:14:10,750nm,Breathe-Easy, I,0.289071,0.280661,0.279042,0.272202,0.279868,0.270171,0.2772,0.269591,0.279208,0.278253,0.276545,0.270023,0.274284,0.274042,0.273062,0.276598,0.272581,0.265865,0.26884,0.263134,0.274507,0.275123,0.276019,0.273349
T0,21/06/2021 16:14:10,750nm,Breathe-Easy, J,0.286589,0.284108,0.284974,0.28139,0.280745,0.273652,0.273624,0.271807,0.28316,0.275979,0.274557,0.274951,0.274428,0.27671,0.276543,0.272618,0.269389,0.267925,0.269177,0.275702,0.266842,0.266945,0.270113,0.286749
T0,21/06/2021 16:14:10,750nm,Breathe-Easy, K,0.287901,0.28374,0.282119,0.283435,0.281228,0.26469,0.270808,0.275562,0.280554,0.275067,0.278922,0.269458,0.268003,0.270679,0.266984,0.271253,0.267588,0.258177,0.266623,0.257666,0.272007,0.272357,0.270825,0.270502
T0,21/06/2021 16:14:10,750nm,Breathe-Easy, L,0.28344,0.279755,0.278046,0.278696,0.278086,0.272264,0.279492,0.270317,0.282502,0.271779,0.270211,0.271137,0.270119,0.273336,0.274907,0.269666,0.263973,0.257747,0.260976,0.269647,0.260195,0.264007,0.267094,0.274339
T0,21/06/2021 16:14:10,750nm,Breathe-Easy, M,0.285156,0.283155,0.279309,0.282705,0.276861,0.265422,0.269962,0.26579,0.279936,0.274355,0.280217,0.265358,0.266503,0.268061,0.260854,0.273166,0.268433,0.25868,0.261789,0.258536,0.269239,0.265907,0.267404,0.272239
T0,21/06/2021 16:14:10,750nm,Breathe-Easy, N,0.283097,0.287338,0.281501,0.277991,0.27534,0.267163,0.278591,0.275069,0.28162,0.271609,0.267883,0.268583,0.267165,0.274387,0.273799,0.269063,0.263892,0.260845,0.261416,0.266302,0.261693,0.261242,0.263184,0.275041
T0,21/06/2021 16:14:10,750nm,Breathe-Easy, O,0.284955,0.283423,0.279963,0.282452,0.272043,0.266343,0.273051,0.266932,0.274939,0.277338,0.278743,0.26997,0.265289,0.269281,0.263114,0.270445,0.271774,0.263605,0.26078,0.262558,0.266142,0.263404,0.267199,0.270246
T0,21/06/2021 16:14:10,750nm,Breathe-Easy, P,0.282672,0.288301,0.28835,0.28451,0.280606,0.27807,0.278156,0.275119,0.285897,0.271958,0.268846,0.273158,0.269015,0.274322,0.275458,0.273169,0.267253,0.263981,0.26259,0.268047,0.263289,0.262644,0.267051,0.273669
T0,21/06/2021 16:14:10,750nm,AeraSeal, A,0.286733,0.284691,0.278415,0.258717,0.278869,0.275442,0.273474,0.275027,0.271901,0.280117,0.274127,0.277924,0.274856,0.271674,0.270813,0.270509,0.271455,0.269949,0.268965,0.27347,0.271052,0.269492,0.269786,0.259567
T0,21/06/2021 16:14:10,750nm,AeraSeal, B,0.284867,0.283899,0.282964,0.275793,0.279812,0.279217,0.276428,0.274657,0.276263,0.273128,0.275385,0.279864,0.279845,0.273648,0.275331,0.272306,0.280695,0.270539,0.276373,0.276527,0.262828,0.276947,0.260715,0.263882
T0,21/06/2021 16:14:10,750nm,AeraSeal, C,0.280873,0.279578,0.27939,0.259523,0.277851,0.28015,0.276699,0.279399,0.271379,0.27467,0.274014,0.277482,0.270794,0.270033,0.269883,0.273595,0.273477,0.264919,0.272197,0.269293,0.271654,0.272905,0.272245,0.270118
T0,21/06/2021 16:14:10,750nm,AeraSeal, D,0.27663,0.281705,0.282344,0.276032,0.277249,0.276491,0.276502,0.272073,0.27324,0.27521,0.272497,0.273706,0.274016,0.269747,0.278693,0.271459,0.272087,0.268502,0.279594,0.269473,0.261479,0.277831,0.268719,0.265361
T0,21/06/2021 16:14:10,750nm,AeraSeal, E,0.28352,0.285712,0.281102,0.260661,0.281991,0.278138,0.276478,0.276607,0.276868,0.271633,0.271719,0.279814,0.277661,0.273557,0.272179,0.271551,0.275388,0.267581,0.271651,0.268997,0.272895,0.272543,0.279956,0.279809
T0,21/06/2021 16:14:10,750nm,AeraSeal, F,0.280688,0.281805,0.280661,0.280824,0.278386,0.277045,0.276157,0.274175,0.274438,0.276523,0.274798,0.279946,0.278483,0.276864,0.279622,0.271424,0.275619,0.266426,0.279133,0.272904,0.264874,0.274639,0.275588,0.27141
T0,21/06/2021 16:14:10,750nm,AeraSeal, G,0.279733,0.281913,0.28131,0.259317,0.280828,0.280939,0.279592,0.276373,0.272638,0.278752,0.272771,0.278771,0.275236,0.272982,0.269603,0.271088,0.274113,0.264399,0.27036,0.269268,0.272499,0.266866,0.287826,0.280313
T0,21/06/2021 16:14:10,750nm,AeraSeal, H,0.283271,0.281048,0.281084,0.278061,0.271147,0.278238,0.278842,0.277403,0.275536,0.277178,0.274345,0.277679,0.280985,0.276691,0.278272,0.268677,0.273423,0.264523,0.276023,0.263569,0.257853,0.268098,0.282227,0.271783
T0,21/06/2021 16:14:10,750nm,AeraSeal, I,0.282406,0.277676,0.275357,0.249502,0.27731,0.281447,0.279765,0.271791,0.27246,0.27114,0.265885,0.277741,0.279974,0.275271,0.272665,0.269695,0.267702,0.257656,0.262495,0.263116,0.275348,0.271849,0.272091,0.268151
T0,21/06/2021 16:14:10,750nm,AeraSeal, J,0.27916,0.286974,0.280184,0.278939,0.27529,0.270641,0.280123,0.28041,0.275106,0.281543,0.275712,0.274096,0.278947,0.27417,0.31545,0.263524,0.265462,0.26031,0.27333,0.25634,0.253752,0.267249,0.275876,0.259555
T0,21/06/2021 16:14:10,750nm,AeraSeal, K,0.287721,0.28143,0.28052,0.249834,0.277924,0.273676,0.280966,0.272443,0.27698,0.274248,0.266957,0.277605,0.275515,0.274153,0.27434,0.272547,0.265931,0.263433,0.265577,0.262657,0.278842,0.267042,0.269348,0.268031
T0,21/06/2021 16:14:10,750nm,AeraSeal, L,0.283182,0.284593,0.272508,0.276971,0.272637,0.269921,0.28041,0.280378,0.282393,0.280584,0.272512,0.271481,0.281522,0.274406,0.279783,0.258201,0.258407,0.260224,0.271712,0.256972,0.249416,0.260488,0.273931,0.262883
T0,21/06/2021 16:14:10,750nm,AeraSeal, M,0.290506,0.285564,0.274877,0.24888,0.282258,0.281107,0.279996,0.26412,0.273803,0.267652,0.262435,0.275324,0.275659,0.275868,0.272028,0.269725,0.267116,0.258484,0.264034,0.256632,0.275252,0.273435,0.276512,0.274117
T0,21/06/2021 16:14:10,750nm,AeraSeal, N,0.288151,0.278026,0.28351,0.28052,0.266179,0.271267,0.281586,0.282127,0.282694,0.279221,0.269927,0.268204,0.280772,0.272624,0.287512,0.262101,0.257651,0.260109,0.271433,0.260246,0.248332,0.264369,0.283408,0.266134
T0,21/06/2021 16:14:10,750nm,AeraSeal, O,0.28941,0.285716,0.283872,0.256503,0.282656,0.282728,0.282467,0.270797,0.275188,0.271739,0.265518,0.286478,0.279823,0.27801,0.273983,0.2739,0.267497,0.261362,0.264951,0.262456,0.279747,0.275002,0.277732,0.270676
T0,21/06/2021 16:14:10,750nm,AeraSeal, P,0.293305,0.279948,0.285005,0.286338,0.271389,0.275294,0.285068,0.28143,0.28234,0.284532,0.270804,0.272664,0.280236,0.281858,0.286985,0.26393,0.258302,0.262129,0.275388,0.258515,0.252296,0.26449,0.286985,0.271354
T1,22/06/2021 15:35:50,750nm,Lid, A,0.198476,0.250457,0.24475,0.253924,0.248104,0.259073,0.254772,0.255665,0.241634,0.232784,0.230185,0.225143,0.228946,0.231753,0.222097,0.224707,0.254211,0.231865,0.237085,0.226129,0.226127,0.240562,0.227865,0.216637
T1,22/06/2021 15:35:50,750nm,Lid, B,0.230957,0.292132,0.287297,0.274232,0.273242,0.278657,0.270214,0.255783,0.261265,0.253053,0.252598,0.250198,0.250839,0.262873,0.245058,0.251987,0.237003,0.256264,0.257056,0.262041,0.260124,0.257749,0.254045,0.248191
T1,22/06/2021 15:35:50,750nm,Lid, C,0.24855,0.271798,0.293543,0.299144,0.294165,0.294785,0.288162,0.292413,0.274233,0.273899,0.298261,0.278654,0.306568,0.323575,0.309606,0.320533,0.298678,0.280276,0.274467,0.275534,0.278319,0.289658,0.289531,0.270559
T1,22/06/2021 15:35:50,750nm,Lid, D,0.260878,0.29572,0.307881,0.287328,0.280207,0.285747,0.323978,0.295582,0.294809,0.2924,0.292847,0.28292,0.291996,0.301866,0.303992,0.312087,0.333916,0.311245,0.29465,0.3055,0.292024,0.312537,0.318221,0.307553
T1,22/06/2021 15:35:50,750nm,Lid, E,0.257516,0.294806,0.283965,0.318772,0.277643,0.282078,0.281858,0.29471,0.295933,0.293548,0.305036,0.307704,0.302882,0.327459,0.31546,0.318341,0.306457,0.313804,0.3278,0.308801,0.291334,0.306312,0.327118,0.32366
T1,22/06/2021 15:35:50,750nm,Lid, F,0.276719,0.31293,0.305308,0.271781,0.276677,0.311001,0.296782,0.305402,0.318057,0.314337,0.313675,0.31204,0.316277,0.324045,0.318569,0.310376,0.317369,0.311367,0.307665,0.309648,0.31396,0.302572,0.343904,0.354964
T1,22/06/2021 15:35:50,750nm,Lid, G,0.286406,0.262954,0.31567,0.281247,0.289965,0.328204,0.313484,0.317366,0.331104,0.317222,0.32937,0.326687,0.327127,0.321493,0.318245,0.318731,0.308266,0.308858,0.303959,0.301876,0.309334,0.342084,0.345719,0.308894
T1,22/06/2021 15:35:50,750nm,Lid, H,0.291077,0.314962,0.288881,0.292385,0.300135,0.328236,0.320031,0.324857,0.328154,0.326919,0.332327,0.335391,0.329432,0.320876,0.312714,0.312218,0.306464,0.313806,0.309851,0.314751,0.322972,0.335147,0.349662,0.312047
T1,22/06/2021 15:35:50,750nm,Lid, I,0.292496,0.315738,0.279715,0.286071,0.291984,0.309248,0.32567,0.327364,0.319653,0.325973,0.330004,0.334958,0.328354,0.325181,0.315773,0.313663,0.30278,0.303886,0.292861,0.293244,0.295537,0.287086,0.300223,0.296392
T1,22/06/2021 15:35:50,750nm,Lid, J,0.268893,0.315877,0.272467,0.281574,0.295244,0.297173,0.308364,0.326589,0.313942,0.327096,0.318421,0.322646,0.327278,0.32379,0.311371,0.305454,0.305663,0.303323,0.305726,0.295327,0.291406,0.297724,0.313467,0.294508
T1,22/06/2021 15:35:50,750nm,Lid, K,0.291018,0.316364,0.307535,0.284948,0.282269,0.289999,0.315733,0.297288,0.303816,0.315759,0.310673,0.311474,0.318007,0.317761,0.320082,0.313581,0.31007,0.319192,0.2923,0.278517,0.281554,0.280535,0.323872,0.305293
T1,22/06/2021 15:35:50,750nm,Lid, L,0.296549,0.317251,0.300252,0.292181,0.299605,0.275754,0.283588,0.287191,0.285273,0.305915,0.312596,0.316596,0.317683,0.306962,0.316478,0.309421,0.314611,0.300561,0.287521,0.279267,0.247714,0.29155,0.291039,0.286692
T1,22/06/2021 15:35:50,750nm,Lid, M,0.282506,0.298832,0.287484,0.28789,0.273605,0.26016,0.27316,0.266467,0.273083,0.286382,0.290075,0.301268,0.285049,0.291701,0.290773,0.295475,0.294147,0.289204,0.274135,0.258922,0.269555,0.267251,0.282865,0.283435
T1,22/06/2021 15:35:50,750nm,Lid, N,0.263996,0.291989,0.308044,0.294635,0.284251,0.275845,0.268032,0.262265,0.254678,0.264968,0.262371,0.260897,0.256264,0.263245,0.259668,0.274129,0.274886,0.261075,0.250721,0.250541,0.254727,0.254666,0.26475,0.255993
T1,22/06/2021 15:35:50,750nm,Lid, O,0.231135,0.297871,0.287752,0.299778,0.272898,0.267978,0.245207,0.257678,0.234416,0.255588,0.235938,0.252278,0.239842,0.241725,0.228314,0.240662,0.224602,0.229897,0.230199,0.255056,0.242234,0.249479,0.257473,0.228509
T1,22/06/2021 15:35:50,750nm,Lid, P,0.19083,0.205374,0.240572,0.233309,0.223589,0.225095,0.210957,0.208138,0.213962,0.206545,0.181775,0.210054,0.20794,0.217282,0.210763,0.213158,0.214797,0.207366,0.209531,0.203128,0.209702,0.224283,0.215438,0.199092
T1,22/06/2021 15:35:50,750nm,Breathe-Easy, A,0.223177,0.244603,0.244068,0.244138,0.23981,0.241508,0.251676,0.239162,0.24439,0.243109,0.268121,0.257645,0.234157,0.233104,0.234995,0.227522,0.235501,0.224735,0.24144,0.229712,0.218381,0.22479,0.239405,0.247473
T1,22/06/2021 15:35:50,750nm,Breathe-Easy, B,0.2246,0.232107,0.244023,0.246929,0.246065,0.248879,0.244449,0.246823,0.246558,0.245685,0.246047,0.245811,0.250895,0.238571,0.241225,0.235815,0.236857,0.233265,0.231246,0.23291,0.233417,0.23437,0.232638,0.268801
T1,22/06/2021 15:35:50,750nm,Breathe-Easy, C,0.231602,0.234211,0.241849,0.239565,0.248555,0.2536,0.247751,0.245185,0.245379,0.245261,0.250429,0.243358,0.249123,0.247026,0.253402,0.249553,0.243956,0.243666,0.245931,0.249961,0.251392,0.253756,0.246702,0.266849
T1,22/06/2021 15:35:50,750nm,Breathe-Easy, D,0.237729,0.235477,0.238916,0.245684,0.25435,0.248189,0.244173,0.26279,0.25488,0.244772,0.259534,0.254447,0.250851,0.254732,0.254913,0.250496,0.248148,0.248882,0.27032,0.283119,0.284385,0.270483,0.255386,0.283276
T1,22/06/2021 15:35:50,750nm,Breathe-Easy, E,0.235679,0.240866,0.24188,0.241116,0.246968,0.242682,0.244554,0.242954,0.248396,0.253912,0.252016,0.251097,0.263842,0.260337,0.258833,0.269365,0.276733,0.273301,0.283614,0.287984,0.288774,0.264222,0.249072,0.249071
T1,22/06/2021 15:35:50,750nm,Breathe-Easy, F,0.23947,0.239409,0.242169,0.24366,0.245877,0.248107,0.259372,0.251739,0.271105,0.257514,0.261578,0.259333,0.26293,0.26623,0.270233,0.278044,0.28682,0.280814,0.289047,0.295036,0.285448,0.273905,0.257293,0.253672
T1,22/06/2021 15:35:50,750nm,Breathe-Easy, G,0.236177,0.239351,0.241381,0.24178,0.242477,0.248357,0.260524,0.252845,0.271708,0.265237,0.268808,0.264915,0.271771,0.270153,0.279022,0.283736,0.2883,0.290077,0.291207,0.289415,0.291217,0.288402,0.278808,0.256747
T1,22/06/2021 15:35:50,750nm,Breathe-Easy, H,0.23241,0.237259,0.243631,0.251053,0.252078,0.246258,0.254578,0.258248,0.269097,0.284657,0.270457,0.275722,0.273106,0.282416,0.285424,0.29017,0.290722,0.289184,0.289182,0.28508,0.289934,0.290938,0.282763,0.258858
T1,22/06/2021 15:35:50,750nm,Breathe-Easy, I,0.230446,0.236762,0.239145,0.24387,0.250557,0.251555,0.263223,0.266321,0.280584,0.283254,0.283432,0.27493,0.279461,0.287102,0.292136,0.288498,0.29056,0.286386,0.281012,0.279061,0.281302,0.282959,0.285339,0.27126
T1,22/06/2021 15:35:50,750nm,Breathe-Easy, J,0.232071,0.239547,0.250202,0.253459,0.26102,0.259972,0.269479,0.273355,0.294154,0.294659,0.291724,0.293979,0.289697,0.282982,0.283679,0.285734,0.285908,0.284331,0.280568,0.280427,0.279527,0.277053,0.270346,0.263419
T1,22/06/2021 15:35:50,750nm,Breathe-Easy, K,0.230416,0.239465,0.24601,0.252975,0.259646,0.262729,0.283088,0.278084,0.278595,0.271597,0.270183,0.275506,0.280921,0.277864,0.280733,0.278559,0.285071,0.278928,0.279394,0.277977,0.276834,0.270253,0.254001,0.245415
T1,22/06/2021 15:35:50,750nm,Breathe-Easy, L,0.225123,0.240639,0.240522,0.247817,0.248164,0.262395,0.269433,0.261235,0.268349,0.263653,0.263902,0.268895,0.267439,0.266235,0.989779,0.270865,0.27701,0.281277,0.281075,0.281392,0.273695,0.254892,0.24969,0.248594
T1,22/06/2021 15:35:50,750nm,Breathe-Easy, M,0.228995,0.236022,0.242191,0.244094,0.244574,0.25158,0.248006,0.256853,0.250972,0.257601,0.257956,0.259038,0.262211,0.255646,0.259325,0.268196,0.278811,0.282101,0.278746,0.278434,0.268717,0.250066,0.241127,0.252865
T1,22/06/2021 15:35:50,750nm,Breathe-Easy, N,0.230778,0.243479,0.241917,0.241334,0.244834,0.241254,0.243708,0.241173,0.246543,0.24555,0.243146,0.252763,0.245744,0.24628,0.252709,0.25269,0.26598,0.26892,0.27398,0.262685,0.246212,0.238252,0.235359,0.252993
T1,22/06/2021 15:35:50,750nm,Breathe-Easy, O,0.23322,0.233577,0.239418,0.237812,0.242219,0.24275,0.240843,0.239954,0.23297,0.236869,0.239011,0.239099,0.238869,0.236208,0.238566,0.240306,0.244469,0.237376,0.232344,0.243901,0.231688,0.230011,0.225544,0.238211
T1,22/06/2021 15:35:50,750nm,Breathe-Easy, P,0.226784,0.233408,0.237284,0.236521,0.241367,0.243193,0.232273,0.231034,0.235873,0.232168,0.2351,0.228943,0.233494,0.229153,0.232222,0.231524,0.224487,0.227444,0.223264,0.214828,0.223821,0.220947,0.215223,0.222669
T1,22/06/2021 15:35:50,750nm,AeraSeal, A,0.249433,0.259631,0.262559,0.257864,0.283818,0.280397,0.272042,0.273273,0.268388,0.271097,0.272041,0.269114,0.26582,0.269633,0.260874,0.271607,0.274381,0.27201,0.275168,0.270218,0.266859,0.265901,0.261254,0.25511
T1,22/06/2021 15:35:50,750nm,AeraSeal, B,0.24508,0.244796,0.269124,0.282965,0.282266,0.289284,0.290601,0.285067,0.28567,0.281877,0.293193,0.292925,0.29723,0.295651,0.288791,0.285111,0.28124,0.296021,0.300651,0.309737,0.282209,0.291865,0.274476,0.273006
T1,22/06/2021 15:35:50,750nm,AeraSeal, C,0.255648,0.263227,0.275684,0.291509,0.277545,0.289817,0.290986,0.286869,0.290915,0.283372,0.296542,0.295099,0.294846,0.299765,0.297559,0.29613,0.308844,0.304386,0.306529,0.30895,0.302936,0.297864,0.298095,0.280711
T1,22/06/2021 15:35:50,750nm,AeraSeal, D,0.283114,0.260741,0.289516,0.28493,0.277862,0.278232,0.297762,0.290995,0.297377,0.300225,0.30731,0.302444,0.308683,0.30114,0.305281,0.296434,0.306254,0.299616,0.309332,0.276732,0.289737,0.300497,0.291862,0.291813
T1,22/06/2021 15:35:50,750nm,AeraSeal, E,0.253124,0.262991,0.272186,0.261324,0.286502,0.285201,0.292261,0.302494,0.303088,0.305716,0.292055,0.301273,0.301095,0.306868,0.303064,0.301514,0.302498,0.298753,0.301476,0.297552,0.30415,0.306429,0.314485,0.279598
T1,22/06/2021 15:35:50,750nm,AeraSeal, F,0.235515,0.257951,0.269329,0.291475,0.289874,0.288135,0.298913,0.306665,0.303289,0.309458,0.302452,0.300945,0.313133,0.310688,0.309201,0.304232,0.310364,0.304608,0.317438,0.305449,0.300891,0.30165,0.278354,0.299579
T1,22/06/2021 15:35:50,750nm,AeraSeal, G,0.255254,0.269948,0.270261,0.276553,0.293577,0.298707,0.294978,0.302658,0.300623,0.309176,0.299851,0.306864,0.304181,0.31167,0.30286,0.306113,0.302683,0.298343,0.29708,0.295321,0.301928,0.311719,0.315521,0.300931
T1,22/06/2021 15:35:50,750nm,AeraSeal, H,0.269347,0.265753,0.275507,0.289818,0.278476,0.293751,0.301254,0.303623,0.309533,0.304492,0.303642,0.296006,0.305108,0.299441,0.303437,0.297373,0.294237,0.290381,0.302058,0.285775,0.284262,0.299283,0.310919,0.287908
T1,22/06/2021 15:35:50,750nm,AeraSeal, I,0.277637,0.294665,0.28016,0.281353,0.294103,0.292571,0.30007,0.299702,0.304386,0.303433,0.298613,0.303826,0.304338,0.302056,0.297143,0.287345,0.299881,0.294292,0.290956,0.286148,0.283679,0.3117,0.314467,0.301226
T1,22/06/2021 15:35:50,750nm,AeraSeal, J,0.259231,0.298336,0.303357,0.314675,0.299773,0.294429,0.299942,0.308386,0.298145,0.299974,0.304201,0.301576,0.300732,0.293186,0.288095,0.298134,0.295295,0.29706,0.298384,0.29692,0.30363,0.319624,0.304875,0.277159
T1,22/06/2021 15:35:50,750nm,AeraSeal, K,0.261298,0.268615,0.299495,0.30492,0.31275,0.295138,0.312801,0.313871,0.304139,0.305431,0.301521,0.303716,0.299902,0.304167,0.288846,0.291945,0.302627,0.295665,0.289258,0.288564,0.302274,0.303017,0.315392,0.289683
T1,22/06/2021 15:35:50,750nm,AeraSeal, L,0.267612,0.289859,0.316808,0.276122,0.307155,0.298385,0.299379,0.307197,0.297283,0.296346,0.306116,0.29992,0.298799,0.292406,0.289839,0.285423,0.29891,0.286849,0.292977,0.278119,0.309768,0.271063,0.2919,0.273021
T1,22/06/2021 15:35:50,750nm,AeraSeal, M,0.280225,0.297204,0.338594,0.2937,0.312188,0.287141,0.288784,0.303823,0.294251,0.294574,0.304346,0.29061,0.293483,0.292024,0.287324,0.287927,0.301395,0.286375,0.281336,0.279233,0.292191,0.295023,0.292238,0.292433
T1,22/06/2021 15:35:50,750nm,AeraSeal, N,0.2765,0.287774,0.305335,0.299448,0.292765,0.295669,0.284083,0.280641,0.288117,0.281447,0.299378,0.287879,0.293135,0.299992,0.287914,0.291526,0.284065,0.288797,0.290737,0.287173,0.286715,0.275346,0.289701,0.249272
T1,22/06/2021 15:35:50,750nm,AeraSeal, O,0.273888,0.283855,0.28598,0.271811,0.280423,0.296483,0.272496,0.285387,0.274914,0.277761,0.282767,0.295019,0.280313,0.297379,0.280295,0.278704,0.282328,0.282975,0.277443,0.286946,0.275319,0.29111,0.289816,0.247686
T1,22/06/2021 15:35:50,750nm,AeraSeal, P,0.247387,0.262388,0.275276,0.281538,0.276503,0.279724,0.270612,0.278491,0.266744,0.254563,0.261115,0.263079,0.258145,0.270546,0.267683,0.266793,0.272859,0.267702,0.269861,0.270401,0.25939,0.262168,0.268552,0.205773
T2,23/06/2021 13:48:27,750nm,Lid, A,0.301165,0.361437,0.336559,0.397782,0.407046,0.47282,0.55759,0.57369,0.532185,0.497362,0.509802,0.508833,0.513922,0.546055,0.49197,0.529116,0.511038,0.480942,0.422411,0.323874,0.329075,0.324763,0.31973,0.309848
T2,23/06/2021 13:48:27,750nm,Lid, B,0.345298,0.312223,0.328001,0.320637,0.441697,0.58615,0.565897,0.516946,0.514266,0.479121,0.510805,0.501433,0.476624,0.548995,0.507019,0.506596,0.429749,0.524179,0.463907,0.494249,0.46443,0.347695,0.236953,0.312349
T2,23/06/2021 13:48:27,750nm,Lid, C,0.350782,0.286551,0.467753,0.567953,0.515607,0.550027,0.528771,0.491565,0.427716,0.425831,0.50864,0.445084,0.455353,0.470726,0.453672,0.454621,0.44902,0.399243,0.409543,0.422922,0.450451,0.459496,0.286958,0.201777
T2,23/06/2021 13:48:27,750nm,Lid, D,0.361362,0.355343,0.372321,0.424852,0.403938,0.367277,0.448059,0.38009,0.381525,0.376699,0.343595,0.323858,0.357412,0.315851,0.371375,0.355283,0.48047,0.390201,0.364006,0.430928,0.394087,0.418366,0.289343,0.186176
T2,23/06/2021 13:48:27,750nm,Lid, E,0.328904,0.285695,0.50522,0.460093,0.316761,0.30592,0.308842,0.32911,0.307402,0.305509,0.322376,0.333212,0.326904,0.422679,0.33108,0.347159,0.361973,0.369431,0.430271,0.37275,0.376221,0.401485,0.375409,0.236572
T2,23/06/2021 13:48:27,750nm,Lid, F,0.369703,0.307713,0.32164,0.333524,0.303765,0.355301,0.318903,0.335574,0.341729,0.3331,0.331688,0.331388,0.33052,0.336258,0.344352,0.345111,0.358515,0.35095,0.354659,0.379687,0.401279,0.397934,0.437368,0.312599
T2,23/06/2021 13:48:27,750nm,Lid, G,0.353501,0.489093,0.31977,0.305773,0.31963,0.361441,0.345861,0.374833,0.355916,0.369033,0.352343,0.347934,0.345786,0.336903,0.337249,0.342025,0.335451,0.339556,0.339693,0.37017,0.394354,0.398488,0.465263,0.223643
T2,23/06/2021 13:48:27,750nm,Lid, H,0.337771,0.326847,0.351068,0.405637,0.322736,0.362824,0.351693,0.357626,0.350417,0.342146,0.34751,0.344163,0.339406,0.335376,0.326787,0.331151,0.334543,0.397188,0.354663,0.403167,0.454696,0.38623,0.369673,0.200079
T2,23/06/2021 13:48:27,750nm,Lid, I,0.398304,0.264637,0.328255,0.307904,0.315347,0.341128,0.352748,0.339063,0.33366,0.339377,0.340001,0.380502,0.336435,0.337661,0.333303,0.322765,0.330939,0.338396,0.330579,0.357813,0.383686,0.347164,0.478228,0.27803
T2,23/06/2021 13:48:27,750nm,Lid, J,0.367865,0.553728,0.316315,0.351372,0.323695,0.326369,0.339637,0.378838,0.330604,0.347854,0.33349,0.339868,0.351352,0.345634,0.339103,0.335769,0.338926,0.341635,0.345563,0.351509,0.379884,0.344262,0.314391,0.262232
T2,23/06/2021 13:48:27,750nm,Lid, K,0.350735,0.242761,0.456538,0.355543,0.316909,0.327022,0.348408,0.325751,0.334991,0.377697,0.375851,0.333919,0.33982,0.351847,0.34818,0.341885,0.347366,0.388174,0.343445,0.339415,0.392046,0.330555,0.537407,0.474841
T2,23/06/2021 13:48:27,750nm,Lid, L,0.390855,0.294499,0.372097,0.411501,0.418001,0.318408,0.34518,0.322521,0.339367,0.350044,0.363917,0.381006,0.351899,0.346418,0.396544,0.339054,0.406672,0.393856,0.330586,0.308546,0.350325,0.479984,0.271553,0.194966
T2,23/06/2021 13:48:27,750nm,Lid, M,0.387176,0.250214,0.311525,0.337558,0.347452,0.308509,0.353886,0.312076,0.322855,0.333792,0.36618,0.382708,0.352627,0.335127,0.313304,0.328761,0.33166,0.344779,0.348556,0.331951,0.351741,0.32687,0.312091,0.189214
T2,23/06/2021 13:48:27,750nm,Lid, N,0.402414,0.402892,0.308024,0.335251,0.468544,0.4507,0.349087,0.353138,0.384892,0.285683,0.324657,0.318785,0.328239,0.352377,0.336637,0.360783,0.335262,0.340255,0.312149,0.443061,0.436759,0.426234,0.241267,0.209703
T2,23/06/2021 13:48:27,750nm,Lid, O,0.398227,0.387466,0.362042,0.330124,0.418578,0.441968,0.424329,0.405411,0.423007,0.347046,0.490942,0.339808,0.409545,0.418103,0.428029,0.43381,0.415705,0.361553,0.383682,0.393867,0.331018,0.37163,0.354527,0.29134
T2,23/06/2021 13:48:27,750nm,Lid, P,0.290608,0.368595,0.392053,0.388376,0.418744,0.429434,0.437225,0.473814,0.507057,0.498206,0.517493,0.555045,0.53904,0.552586,0.458686,0.44992,0.432492,0.400725,0.376445,0.361727,0.357352,0.325096,0.318774,0.277928
T2,23/06/2021 13:48:27,750nm,Breathe-Easy, A,0.235948,0.250243,0.246298,0.24998,0.241611,0.244394,0.255641,0.241798,0.245151,0.24906,0.287028,0.269304,0.234466,0.23472,0.228958,0.224346,0.229919,0.221868,0.240812,0.227965,0.218694,0.227594,0.250758,0.263049
T2,23/06/2021 13:48:27,750nm,Breathe-Easy, B,0.234027,0.232528,0.241928,0.240576,0.2369,0.239025,0.232899,0.237144,0.236449,0.234308,0.235297,0.233974,0.236177,0.228741,0.228131,0.223751,0.224687,0.21946,0.217774,0.221814,0.220814,0.222547,0.22604,0.270298
T2,23/06/2021 13:48:27,750nm,Breathe-Easy, C,0.23952,0.237362,0.235397,0.230521,0.237351,0.238368,0.236067,0.234713,0.231951,0.229574,0.23058,0.229888,0.234215,0.229812,0.235494,0.23162,0.22545,0.225481,0.228632,0.232068,0.231244,0.239673,0.231811,0.270816
T2,23/06/2021 13:48:27,750nm,Breathe-Easy, D,0.242732,0.236673,0.233906,0.236243,0.238921,0.236645,0.228908,0.245799,0.240095,0.229835,0.240124,0.235857,0.234659,0.237677,0.235348,0.234121,0.232544,0.231169,0.249161,0.263339,0.264702,0.250286,0.239072,0.274147
T2,23/06/2021 13:48:27,750nm,Breathe-Easy, E,0.240929,0.238047,0.232943,0.227377,0.232276,0.227437,0.238789,0.227802,0.233027,0.239467,0.235628,0.231694,0.240752,0.243721,0.238361,0.242887,0.251756,0.252488,0.26068,0.264659,0.265542,0.244551,0.232902,0.239434
T2,23/06/2021 13:48:27,750nm,Breathe-Easy, F,0.246752,0.234698,0.232408,0.231502,0.230846,0.23084,0.242075,0.234163,0.24843,0.239511,0.241395,0.237312,0.244092,0.242425,0.244919,0.261145,0.262953,0.257645,0.265935,0.271906,0.262746,0.252544,0.239619,0.248062
T2,23/06/2021 13:48:27,750nm,Breathe-Easy, G,0.245347,0.235216,0.230948,0.228811,0.22802,0.231309,0.238816,0.233243,0.25112,0.244126,0.246421,0.243351,0.246581,0.246903,0.253093,0.25774,0.260557,0.265174,0.268428,0.266935,0.266336,0.264145,0.258604,0.248321
T2,23/06/2021 13:48:27,750nm,Breathe-Easy, H,0.242782,0.231393,0.232413,0.236845,0.235041,0.229549,0.241096,0.237325,0.245768,0.270882,0.2491,0.252203,0.248473,0.259717,0.261423,0.264641,0.26612,0.266077,0.264774,0.260571,0.265718,0.268306,0.263364,0.249387
T2,23/06/2021 13:48:27,750nm,Breathe-Easy, I,0.237691,0.234973,0.228659,0.229923,0.234265,0.23439,0.244755,0.248243,0.257679,0.264293,0.261957,0.255335,0.25619,0.265544,0.267599,0.265914,0.267011,0.263286,0.256179,0.257221,0.262255,0.260867,0.270643,0.264912
T2,23/06/2021 13:48:27,750nm,Breathe-Easy, J,0.242228,0.238993,0.240539,0.237932,0.244304,0.246026,0.250575,0.256081,0.270941,0.27427,0.27057,0.270755,0.267295,0.259557,0.259806,0.263058,0.261442,0.259946,0.255993,0.256441,0.256055,0.255202,0.252298,0.254915
T2,23/06/2021 13:48:27,750nm,Breathe-Easy, K,0.239185,0.23772,0.234987,0.240537,0.2455,0.248215,0.266036,0.258299,0.258276,0.250974,0.249036,0.252527,0.256941,0.253454,0.254581,0.253958,0.259421,0.254992,0.255811,0.258234,0.256324,0.249916,0.237127,0.240975
T2,23/06/2021 13:48:27,750nm,Breathe-Easy, L,0.231871,0.237637,0.233441,0.23732,0.23552,0.244054,0.252889,0.242886,0.248632,0.244531,0.244017,0.246192,0.24569,0.245132,0.244363,0.247416,0.253196,0.259089,0.25746,0.258642,0.25288,0.236173,0.232933,0.249331
T2,23/06/2021 13:48:27,750nm,Breathe-Easy, M,0.235352,0.232309,0.234367,0.231931,0.233901,0.235702,0.233668,0.24084,0.235675,0.239715,0.239288,0.239409,0.241216,0.235658,0.239931,0.247798,0.260889,0.25942,0.258118,0.257103,0.250232,0.232798,0.227718,0.250792
T2,23/06/2021 13:48:27,750nm,Breathe-Easy, N,0.236945,0.239469,0.236379,0.231567,0.23326,0.227537,0.227884,0.226739,0.232883,0.229726,0.227643,0.236337,0.231099,0.22968,0.237935,0.236906,0.248889,0.25507,0.255066,0.243305,0.237105,0.222321,0.220178,0.255215
T2,23/06/2021 13:48:27,750nm,Breathe-Easy, O,0.240422,0.236267,0.236302,0.232483,0.233395,0.231822,0.229989,0.231158,0.222772,0.226093,0.224506,0.226146,0.226491,0.226192,0.227824,0.227015,0.231654,0.225975,0.223922,0.242632,0.22241,0.218996,0.216465,0.242866
T2,23/06/2021 13:48:27,750nm,Breathe-Easy, P,0.239743,0.244891,0.244456,0.243362,0.246166,0.240554,0.235886,0.231256,0.234888,0.230219,0.232092,0.22739,0.230666,0.22518,0.228126,0.229354,0.225188,0.226215,0.219149,0.2156,0.223528,0.219123,0.219556,0.234637
T2,23/06/2021 13:48:27,750nm,AeraSeal, A,0.378036,0.452032,0.531283,0.558662,0.379341,0.603255,0.584596,0.626781,0.6012,0.603289,0.596695,0.592466,0.580828,0.606525,0.582381,0.611011,0.631336,0.604185,0.614442,0.623636,0.602468,0.584249,0.545822,0.492611
T2,23/06/2021 13:48:27,750nm,AeraSeal, B,0.414011,0.576165,0.629027,0.658214,0.697067,0.559044,0.699091,0.698899,0.69943,0.697358,0.723287,0.699233,0.703043,0.745286,0.711322,0.731442,0.684834,0.75902,0.765316,0.765574,0.693201,0.709771,0.677947,0.60261
T2,23/06/2021 13:48:27,750nm,AeraSeal, C,0.441086,0.604219,0.646643,0.674461,0.678533,0.732049,0.727868,0.740661,0.73773,0.75401,0.763186,0.724361,0.746307,0.779182,0.747777,0.760995,0.77224,0.796975,0.809612,0.649274,0.779795,0.747443,0.724455,0.652782
T2,23/06/2021 13:48:27,750nm,AeraSeal, D,0.472325,0.567515,0.653058,0.673167,0.680668,0.635778,0.740575,0.724085,0.761719,0.684872,0.774136,0.723091,0.739169,0.774387,0.75006,0.744223,0.729224,0.754439,0.762688,0.709159,0.702949,0.743641,0.680946,0.634567
T2,23/06/2021 13:48:27,750nm,AeraSeal, E,0.434239,0.532295,0.636333,0.630808,0.693287,0.630269,0.731512,0.779363,0.752616,0.768942,0.773623,0.738348,0.721527,0.743133,0.689185,0.753622,0.741906,0.746723,0.72453,0.731533,0.76306,0.671806,0.66444,0.644471
T2,23/06/2021 13:48:27,750nm,AeraSeal, F,0.402711,0.545983,0.625219,0.697439,0.699183,0.728367,0.741899,0.763047,0.789301,0.76056,0.77853,0.752532,0.735746,0.759276,0.759967,0.753407,0.756897,0.757071,0.740637,0.747924,0.756125,0.734382,0.681659,0.63669
T2,23/06/2021 13:48:27,750nm,AeraSeal, G,0.433606,0.481828,0.568624,0.661912,0.681653,0.705306,0.705433,0.384282,0.748211,0.761685,0.749712,0.742891,0.706244,0.741014,0.73447,0.718066,0.652929,0.718553,0.66557,0.642592,0.699212,0.51504,0.69097,0.639278
T2,23/06/2021 13:48:27,750nm,AeraSeal, H,0.459837,0.566567,0.594844,0.676446,0.659102,0.680055,0.695074,0.381134,0.682563,0.756912,0.718205,0.705476,0.695351,0.726395,0.702274,0.661935,0.704053,0.683625,0.700408,0.372139,0.691695,0.695852,0.671112,0.64652
T2,23/06/2021 13:48:27,750nm,AeraSeal, I,0.448137,0.564905,0.627322,0.657487,0.683566,0.659118,0.727616,0.712068,0.743071,0.737441,0.701718,0.728364,0.702573,0.665195,0.712582,0.734688,0.749629,0.704477,0.671757,0.59888,0.607359,0.678893,0.66132,0.64011
T2,23/06/2021 13:48:27,750nm,AeraSeal, J,0.450384,0.535567,0.329741,0.682074,0.694994,0.708459,0.713371,0.722227,0.715889,0.735088,0.736767,0.749545,0.654234,0.688456,0.697009,0.711502,0.669787,0.669679,0.632312,0.513783,0.658654,0.406407,0.623481,0.614041
T2,23/06/2021 13:48:27,750nm,AeraSeal, K,0.444902,0.542884,0.529711,0.588182,0.671923,0.68686,0.718925,0.727043,0.72502,0.767718,0.755781,0.726594,0.684845,0.737984,0.695014,0.694863,0.645889,0.679611,0.681291,0.618149,0.594875,0.630712,0.64397,0.586956
T2,23/06/2021 13:48:27,750nm,AeraSeal, L,0.43363,0.530253,0.637987,0.651555,0.675683,0.713944,0.716861,0.73023,0.732741,0.741899,0.729509,0.66899,0.62887,0.697962,0.6578,0.679862,0.697458,0.685667,0.69635,0.540582,0.64882,0.669448,0.651478,0.597495
T2,23/06/2021 13:48:27,750nm,AeraSeal, M,0.464086,0.579542,0.638523,0.649444,0.698623,0.717155,0.716305,0.736724,0.766893,0.747864,0.773468,0.705276,0.65352,0.703539,0.674744,0.675713,0.669533,0.663367,0.655394,0.609952,0.683179,0.647879,0.597965,0.356931
T2,23/06/2021 13:48:27,750nm,AeraSeal, N,0.432943,0.577688,0.636448,0.61689,0.693552,0.718983,0.705007,0.707288,0.71736,0.735203,0.757577,0.701322,0.636486,0.729912,0.693517,0.70512,0.664999,0.651032,0.641405,0.611165,0.64101,0.62651,0.64573,0.555558
T2,23/06/2021 13:48:27,750nm,AeraSeal, O,0.437891,0.551891,0.603263,0.629649,0.670212,0.695482,0.670199,0.681668,0.667028,0.666516,0.703262,0.686809,0.678791,0.717479,0.658813,0.673996,0.661981,0.669236,0.544482,0.649871,0.689639,0.667344,0.638227,0.527008
T2,23/06/2021 13:48:27,750nm,AeraSeal, P,0.370218,0.447345,0.522305,0.548913,0.558187,0.584688,0.470782,0.623039,0.595841,0.564689,0.581463,0.589519,0.56485,0.589332,0.558742,0.581783,0.620064,0.596206,0.605959,0.592018,0.632884,0.565245,0.53207,0.418918
T3,24/06/2021 11:24:29,750nm,Lid, A,0.466054,0.453242,0.428482,0.389644,0.424463,0.55549,0.691878,0.892446,0.892301,0.911569,0.926215,0.949704,0.924087,0.937209,0.892306,0.8541,0.65114,0.619696,0.429383,0.323439,0.296121,0.212267,0.319285,0.323416
T3,24/06/2021 11:24:29,750nm,Lid, B,0.44174,0.405561,0.415609,0.500876,0.632733,0.787559,0.82107,0.801823,0.769594,0.760139,0.798725,0.806713,0.755993,0.861241,0.807404,0.835262,0.745043,0.855394,0.572919,0.545538,0.507278,0.33164,0.22727,0.239129
T3,24/06/2021 11:24:29,750nm,Lid, C,0.42104,0.417597,0.648025,0.74305,0.653973,0.728714,0.694732,0.671225,0.563527,0.574448,0.693539,0.632142,0.609722,0.609204,0.568872,0.591961,0.609056,0.591124,0.597808,0.625683,0.73485,0.529415,0.297323,0.204595
T3,24/06/2021 11:24:29,750nm,Lid, D,0.376903,0.519314,0.627859,0.502587,0.461254,0.398205,0.493962,0.346498,0.3427,0.32851,0.304481,0.280002,0.314835,0.276401,0.312538,0.328031,0.511601,0.433864,0.432659,0.520506,0.56868,0.620995,0.224193,0.175751
T3,24/06/2021 11:24:29,750nm,Lid, E,0.366464,0.581929,0.626733,0.534558,0.294842,0.272533,0.270452,0.276203,0.264187,0.262581,0.275082,0.273576,0.275985,0.411205,0.278515,0.29683,0.32067,0.344112,0.523481,0.396603,0.461502,0.513502,0.386894,0.231021
T3,24/06/2021 11:24:29,750nm,Lid, F,0.3621,0.682415,0.534994,0.324201,0.286971,0.301983,0.267471,0.277066,0.284496,0.281139,0.284487,0.278007,0.280872,0.289855,0.29504,0.289491,0.309172,0.298688,0.313064,0.363625,0.441084,0.482208,0.67165,0.26474
T3,24/06/2021 11:24:29,750nm,Lid, G,0.37786,0.728396,0.344842,0.299794,0.283955,0.30159,0.293426,0.319707,0.294748,0.316704,0.295616,0.290189,0.289384,0.294298,0.28851,0.288667,0.28477,0.290237,0.289459,0.364016,0.42199,0.521621,0.521904,0.207807
T3,24/06/2021 11:24:29,750nm,Lid, H,0.343013,0.546386,0.379571,0.433368,0.274466,0.294554,0.293372,0.290944,0.28608,0.289286,0.285813,0.286762,0.293736,0.290846,0.277659,0.280988,0.284095,0.388966,0.302779,0.435201,0.522967,0.494678,0.48976,0.198996
T3,24/06/2021 11:24:29,750nm,Lid, I,0.268047,0.442464,0.380179,0.284244,0.264434,0.269569,0.285537,0.375218,0.2724,0.282533,0.277433,0.315563,0.284764,0.282153,0.283924,0.362834,0.28117,0.29404,0.285361,0.330972,0.427219,0.434774,0.553138,0.245697
T3,24/06/2021 11:24:29,750nm,Lid, J,0.482994,0.620765,0.371931,0.324638,0.275389,0.260132,0.265745,0.288142,0.263748,0.275328,0.270964,0.273194,0.278372,0.289753,0.284717,0.285961,0.284017,0.292073,0.291321,0.311545,0.409565,0.416568,0.307398,0.204618
T3,24/06/2021 11:24:29,750nm,Lid, K,0.382032,0.349579,0.460013,0.332029,0.291592,0.275063,0.374026,0.259572,0.266731,0.389534,0.311609,0.27096,0.273921,0.289159,0.281044,0.283878,0.295399,0.412113,0.296202,0.328435,0.479696,0.426048,0.596974,0.355657
T3,24/06/2021 11:24:29,750nm,Lid, L,0.444573,0.466328,0.506942,0.438919,0.425779,0.29108,0.308925,0.269945,0.284379,0.284118,0.294702,0.417458,0.275966,0.274934,0.44304,0.279113,0.367287,0.38033,0.300484,0.296166,0.412172,0.526413,0.242821,0.178687
T3,24/06/2021 11:24:29,750nm,Lid, M,0.455912,0.465201,0.517551,0.330647,0.332861,0.294756,0.367698,0.290336,0.299843,0.281005,0.342341,0.405383,0.36521,0.314659,0.27744,0.29462,0.300689,0.351138,0.4087,0.402343,0.439869,0.392531,0.256364,0.193515
T3,24/06/2021 11:24:29,750nm,Lid, N,0.491111,0.39276,0.44432,0.539074,0.447419,0.518627,0.335558,0.337348,0.367177,0.286451,0.31127,0.34101,0.341017,0.374905,0.366469,0.397865,0.417264,0.404417,0.387509,0.44382,0.437198,0.499218,0.316293,0.170444
T3,24/06/2021 11:24:29,750nm,Lid, O,0.536549,0.485018,0.465203,0.510911,0.51611,0.630765,0.61926,0.455065,0.509934,0.377829,0.535932,0.403855,0.368858,0.424734,0.47599,0.454595,0.441692,0.406562,0.460111,0.430083,0.416379,0.453894,0.317372,0.287165
T3,24/06/2021 11:24:29,750nm,Lid, P,0.501284,0.511663,0.432228,0.436976,0.537763,0.58998,0.60791,0.665346,0.672418,0.654219,0.603863,0.652548,0.571289,0.610807,0.506019,0.527259,0.598674,0.537991,0.528969,0.493582,0.464751,0.397411,0.382013,0.3654
T3,24/06/2021 11:24:29,750nm,Breathe-Easy, A,0.233862,0.218282,0.217199,0.223968,0.219319,0.241318,0.247969,0.236451,0.229499,0.234749,0.264702,0.236086,0.235549,0.210782,0.213685,0.215559,0.201136,0.213218,0.208344,0.212158,0.200243,0.226449,0.250582,0.26428
T3,24/06/2021 11:24:29,750nm,Breathe-Easy, B,0.24149,0.214599,0.213619,0.215734,0.213653,0.219804,0.216684,0.219969,0.22297,0.217154,0.219436,0.218956,0.223271,0.206904,0.215913,0.211117,0.212807,0.203122,0.208449,0.201836,0.208709,0.209889,0.211216,0.265938
T3,24/06/2021 11:24:29,750nm,Breathe-Easy, C,0.249942,0.218137,0.210886,0.208126,0.213982,0.217341,0.215036,0.212268,0.213791,0.205765,0.210468,0.2058,0.212597,0.211541,0.223695,0.215655,0.207609,0.210294,0.207688,0.221259,0.221705,0.232831,0.226127,0.259347
T3,24/06/2021 11:24:29,750nm,Breathe-Easy, D,0.242636,0.2184,0.210251,0.213005,0.21693,0.218822,0.208035,0.224559,0.221044,0.211151,0.213714,0.212188,0.211405,0.215511,0.210369,0.214946,0.210047,0.212591,0.226712,0.241147,0.251498,0.245905,0.228487,0.257455
T3,24/06/2021 11:24:29,750nm,Breathe-Easy, E,0.239691,0.215564,0.214495,0.200894,0.210109,0.207253,0.216364,0.205898,0.216161,0.216348,0.219489,0.211653,0.217273,0.217111,0.215325,0.216935,0.223005,0.224836,0.233751,0.245629,0.249498,0.235646,0.223852,0.22622
T3,24/06/2021 11:24:29,750nm,Breathe-Easy, F,0.235463,0.211316,0.210368,0.210948,0.214907,0.208363,0.221094,0.215282,0.226757,0.220239,0.219719,0.218743,0.224642,0.222981,0.222835,0.235536,0.235795,0.233672,0.23875,0.249368,0.248366,0.244935,0.231122,0.238652
T3,24/06/2021 11:24:29,750nm,Breathe-Easy, G,0.233096,0.211178,0.20688,0.204662,0.208014,0.209411,0.217638,0.210649,0.224794,0.222338,0.224168,0.222048,0.224851,0.226477,0.229086,0.234993,0.233364,0.23861,0.242588,0.241189,0.248332,0.254238,0.251188,0.239041
T3,24/06/2021 11:24:29,750nm,Breathe-Easy, H,0.230722,0.210882,0.208185,0.212834,0.21251,0.208407,0.214724,0.215544,0.223345,0.24397,0.224472,0.227435,0.226508,0.23572,0.235011,0.237477,0.235904,0.239495,0.239324,0.236384,0.241847,0.25111,0.252562,0.241279
T3,24/06/2021 11:24:29,750nm,Breathe-Easy, I,0.224911,0.212077,0.209269,0.205291,0.21109,0.211632,0.220586,0.2199,0.23062,0.233622,0.234071,0.232473,0.23064,0.23489,0.237634,0.234101,0.238262,0.233564,0.228674,0.229698,0.237006,0.239554,0.241591,0.249247
T3,24/06/2021 11:24:29,750nm,Breathe-Easy, J,0.223968,0.218299,0.218576,0.214361,0.216991,0.217538,0.22233,0.226757,0.23297,0.23519,0.230883,0.23458,0.228431,0.223719,0.224457,0.227688,0.225704,0.227249,0.224557,0.228686,0.226884,0.229354,0.219682,0.234469
T3,24/06/2021 11:24:29,750nm,Breathe-Easy, K,0.224861,0.215325,0.213655,0.211405,0.210828,0.21709,0.224216,0.218983,0.219334,0.215336,0.217955,0.219654,0.218831,0.215264,0.214856,0.215021,0.219562,0.219699,0.223309,0.228447,0.225279,0.221403,0.210749,0.224514
T3,24/06/2021 11:24:29,750nm,Breathe-Easy, L,0.215173,0.215319,0.208938,0.208792,0.205802,0.21019,0.213231,0.210594,0.218627,0.213694,0.215038,0.21734,0.211659,0.214461,0.215524,0.213988,0.213679,0.22014,0.22242,0.229766,0.223084,0.211874,0.208565,0.227549
T3,24/06/2021 11:24:29,750nm,Breathe-Easy, M,0.21777,0.206339,0.207917,0.204566,0.207365,0.205161,0.205227,0.209186,0.209855,0.211152,0.209225,0.211874,0.212083,0.208479,0.205914,0.21253,0.217928,0.218141,0.216149,0.222576,0.222651,0.211566,0.205508,0.230953
T3,24/06/2021 11:24:29,750nm,Breathe-Easy, N,0.214188,0.210107,0.208241,0.205126,0.205652,0.202534,0.202127,0.199281,0.206149,0.202997,0.199724,0.20661,0.203268,0.203266,0.205997,0.206888,0.209903,0.211232,0.214351,0.212636,0.210391,0.198443,0.199397,0.23145
T3,24/06/2021 11:24:29,750nm,Breathe-Easy, O,0.219798,0.206728,0.210494,0.207833,0.208247,0.206343,0.205956,0.203206,0.199909,0.201368,0.202748,0.202966,0.2016,0.203283,0.202427,0.203077,0.207709,0.201121,0.199735,0.216909,0.203059,0.201434,0.199693,0.216883
T3,24/06/2021 11:24:29,750nm,Breathe-Easy, P,0.227551,0.2245,0.219051,0.219947,0.221719,0.217149,0.213678,0.207043,0.213667,0.213217,0.211031,0.210267,0.207959,0.20743,0.21094,0.211674,0.205549,0.211414,0.203378,0.198662,0.209682,0.2047,0.206945,0.229623
T3,24/06/2021 11:24:29,750nm,AeraSeal, A,0.761172,0.763593,0.915791,0.964255,0.802993,1.00083,0.973709,0.962109,1.01406,0.980696,0.92989,1.02867,0.995704,0.959912,1.01261,1.03552,1.06431,1.05917,1.02028,1.02909,1.00134,1.02331,0.95941,0.875505
T3,24/06/2021 11:24:29,750nm,AeraSeal, B,0.892218,0.91081,1.01651,0.91431,1.03011,0.918998,1.01274,1.08114,1.09423,1.08476,1.11397,1.10642,1.0775,1.12157,1.07227,1.09696,1.0864,1.12883,1.14613,1.12409,1.07888,1.11829,1.10556,0.990165
T3,24/06/2021 11:24:29,750nm,AeraSeal, C,0.91361,0.956428,0.973675,0.991361,1.06505,1.10811,1.07605,1.09267,1.05855,1.11602,1.12482,1.09843,1.12012,1.11092,1.04787,1.07042,1.11799,1.15918,1.1391,0.976571,0.931715,1.09796,1.05883,1.02697
T3,24/06/2021 11:24:29,750nm,AeraSeal, D,0.94783,0.920387,0.986222,0.986297,0.957724,0.941354,1.09872,1.00648,1.08959,0.98737,1.09282,1.03521,0.99618,1.09828,1.0585,1.05664,1.08341,1.04751,1.06043,0.968441,0.966432,1.11191,1.01832,1.00734
T3,24/06/2021 11:24:29,750nm,AeraSeal, E,0.882927,0.924008,0.973907,0.954486,1.00909,0.942969,1.07333,1.08993,1.13003,1.07626,1.07921,1.04969,1.03226,1.00435,0.93402,1.0789,1.07834,1.03761,1.05239,1.05267,1.09136,1.02486,1.05599,1.05473
T3,24/06/2021 11:24:29,750nm,AeraSeal, F,1.07209,0.884241,0.96199,1.00714,1.00339,1.02178,1.04605,1.06036,1.06839,1.07783,1.09688,1.05385,1.01634,1.01771,0.999059,0.994663,1.09272,1.0503,0.970178,0.973681,0.894123,1.08513,0.993985,1.02308
T3,24/06/2021 11:24:29,750nm,AeraSeal, G,1.13049,0.871006,0.909496,0.964257,1.00246,0.995551,0.753684,0.842832,1.02018,1.04021,0.967787,1.0219,0.992378,0.939573,0.794558,0.95823,0.993304,1.00229,0.949279,0.751975,0.989692,0.841212,1.00875,1.0098
T3,24/06/2021 11:24:29,750nm,AeraSeal, H,0.985604,1.01245,0.929362,1.00011,1.00486,0.856943,0.951414,0.817467,0.914529,1.0551,0.920239,0.963868,0.946236,0.980459,0.827553,0.795467,1.03326,1.01574,0.935176,0.704221,0.939904,1.02554,0.993011,1.03794
T3,24/06/2021 11:24:29,750nm,AeraSeal, I,0.960376,0.935977,0.96531,0.749541,0.985463,0.946856,1.01284,0.948746,1.07606,1.02454,0.923439,0.984668,0.973917,0.952134,0.842608,1.00285,1.0502,0.997665,0.858347,0.943425,0.918713,0.88201,0.970353,0.996255
T3,24/06/2021 11:24:29,750nm,AeraSeal, J,1.04021,0.869775,0.393229,0.935826,1.0425,1.03365,0.982093,0.97936,1.01506,1.00328,0.986992,0.992225,0.883488,0.878989,0.907098,0.931982,0.975334,1.0562,0.956997,0.739568,1.0538,0.739072,0.974852,0.964704
T3,24/06/2021 11:24:29,750nm,AeraSeal, K,0.936213,0.911611,0.870881,0.853441,0.959823,1.01939,0.969421,1.00079,1.06705,1.07607,1.03489,0.948609,0.951526,0.977854,0.88533,0.953416,0.960084,0.864234,0.971189,0.82365,0.861281,0.953609,0.952657,0.916324
T3,24/06/2021 11:24:29,750nm,AeraSeal, L,0.987216,0.786386,0.982241,0.919254,0.990203,1.03465,0.99855,1.08741,1.06682,1.04754,1.05343,1.00002,0.839041,0.671716,0.920373,0.957988,1.05953,1.09026,1.11725,0.937998,1.11944,1.05778,1.01551,0.985205
T3,24/06/2021 11:24:29,750nm,AeraSeal, M,0.940442,0.890683,0.904596,0.913847,1.02982,0.983276,1.03252,1.08178,1.06895,1.00914,1.19717,0.985399,0.918046,0.890046,0.930545,1.09458,0.99597,0.996083,0.991419,0.859811,0.974728,1.04274,0.836301,0.713998
T3,24/06/2021 11:24:29,750nm,AeraSeal, N,0.911748,0.927652,0.966463,0.907301,0.982032,1.10326,1.01149,0.997978,0.979617,0.94854,1.0405,1.01757,0.962209,1.08509,0.962587,1.05713,1.02612,0.926711,0.88568,0.723524,0.946593,1.00374,0.970005,0.985805
T3,24/06/2021 11:24:29,750nm,AeraSeal, O,0.85399,0.909972,0.960914,0.945203,0.96988,1.02019,0.939629,1.00398,0.949834,1.001,1.00634,1.00184,1.01374,1.07589,0.959206,1.03431,0.92305,0.982117,0.710165,0.923902,1.06046,1.02124,0.985317,0.856317
T3,24/06/2021 11:24:29,750nm,AeraSeal, P,0.741225,0.752714,0.856464,0.907617,0.889446,0.965104,0.756492,0.977239,0.895255,0.987514,0.920533,0.970454,1.08284,0.994858,0.854761,0.960145,1.00861,0.91216,0.938552,0.970038,1.00366,0.925581,0.946277,0.7755
T4,25/06/2021 19:39:39,750nm,Lid, A,0.635507,0.553062,0.492342,0.34788,0.44883,0.502409,0.670568,0.82675,0.925054,0.954558,0.95395,0.983246,0.974488,0.964037,0.933653,0.734437,0.475837,0.391872,0.335479,0.322373,0.210236,0.230338,0.218615,0.436905
T4,25/06/2021 19:39:39,750nm,Lid, B,0.503588,0.412161,0.405651,0.448234,0.556883,0.716908,0.881118,0.867994,0.797518,0.85731,0.894615,0.906768,0.765582,0.898903,0.863664,0.905123,0.720224,0.717735,0.45824,0.353697,0.278067,0.277605,0.352078,0.29816
T4,25/06/2021 19:39:39,750nm,Lid, C,0.478778,0.332498,0.547516,0.753133,0.617791,0.735797,0.662973,0.744741,0.637964,0.688716,0.754662,0.663204,0.612487,0.714739,0.540365,0.617214,0.658278,0.602652,0.624055,0.720504,0.798208,0.401434,0.209935,0.225735
T4,25/06/2021 19:39:39,750nm,Lid, D,0.428601,0.471259,0.592039,0.593965,0.429754,0.408067,0.456171,0.390641,0.337078,0.345221,0.330036,0.312778,0.341579,0.290058,0.333262,0.328197,0.49621,0.458983,0.486085,0.575691,0.613233,0.83684,0.204464,0.230279
T4,25/06/2021 19:39:39,750nm,Lid, E,0.420755,0.465044,0.637734,0.635844,0.303303,0.288251,0.298116,0.28459,0.249264,0.240901,0.257434,0.254532,0.25329,0.380291,0.262509,0.29101,0.36501,0.448382,0.603313,0.467921,0.486049,0.666914,0.377086,0.21557
T4,25/06/2021 19:39:39,750nm,Lid, F,0.417705,0.499666,0.416984,0.36788,0.304254,0.334189,0.274455,0.25322,0.256564,0.267836,0.274918,0.251646,0.274191,0.28474,0.284967,0.282661,0.307333,0.29423,0.358123,0.457556,0.46379,0.552722,0.708485,0.277282
T4,25/06/2021 19:39:39,750nm,Lid, G,0.485509,0.713615,0.316901,0.318132,0.304349,0.329313,0.274908,0.290804,0.268868,0.279064,0.269966,0.260482,0.259698,0.295126,0.283972,0.284447,0.277865,0.289244,0.284871,0.404901,0.443536,0.602733,0.316408,0.181725
T4,25/06/2021 19:39:39,750nm,Lid, H,0.498381,0.495447,0.310157,0.435844,0.301725,0.283156,0.269019,0.268135,0.262485,0.284098,0.259701,0.278165,0.290491,0.294915,0.276775,0.276727,0.277621,0.361621,0.321633,0.492718,0.588853,0.530203,0.261365,0.343264
T4,25/06/2021 19:39:39,750nm,Lid, I,0.354107,0.349607,0.363731,0.304372,0.292027,0.284611,0.26229,0.3863,0.271076,0.262325,0.256006,0.275457,0.288327,0.267238,0.284436,0.352471,0.279055,0.299506,0.294121,0.384612,0.47535,0.533149,0.323135,0.19635
T4,25/06/2021 19:39:39,750nm,Lid, J,0.4567,0.62422,0.348336,0.356605,0.298826,0.273782,0.253811,0.258286,0.253595,0.266295,0.268842,0.253923,0.250497,0.297439,0.277303,0.283708,0.282068,0.312958,0.309113,0.349099,0.429204,0.493096,0.249079,0.230032
T4,25/06/2021 19:39:39,750nm,Lid, K,0.527208,0.392139,0.470877,0.36927,0.304,0.30345,0.356827,0.248259,0.258949,0.36783,0.28565,0.273967,0.272951,0.282719,0.284144,0.288005,0.310961,0.399378,0.349616,0.345935,0.473882,0.498329,0.251731,0.228098
T4,25/06/2021 19:39:39,750nm,Lid, L,0.577929,0.44482,0.551976,0.422957,0.433695,0.311028,0.335801,0.304392,0.322216,0.313234,0.308594,0.38825,0.264887,0.310124,0.444901,0.289733,0.397789,0.403778,0.340911,0.330359,0.476127,0.611021,0.242263,0.187293
T4,25/06/2021 19:39:39,750nm,Lid, M,0.540455,0.399907,0.494855,0.337875,0.326561,0.317514,0.356488,0.298779,0.313463,0.306415,0.369176,0.383674,0.358924,0.312472,0.29925,0.313406,0.328563,0.369992,0.377269,0.354867,0.522674,0.420483,0.320369,0.209292
T4,25/06/2021 19:39:39,750nm,Lid, N,0.583525,0.557551,0.500638,0.544943,0.509784,0.543473,0.323177,0.328415,0.326591,0.295496,0.305445,0.330747,0.322775,0.368873,0.37088,0.366776,0.384526,0.513381,0.506005,0.457517,0.553543,0.56712,0.215691,0.208288
T4,25/06/2021 19:39:39,750nm,Lid, O,0.613777,0.555252,0.451007,0.46347,0.533991,0.667149,0.704078,0.588058,0.681614,0.424347,0.531794,0.614551,0.391738,0.589407,0.648093,0.703226,0.595791,0.581411,0.502294,0.370624,0.288375,0.387504,0.214109,0.211222
T4,25/06/2021 19:39:39,750nm,Lid, P,0.897415,0.66277,0.582337,0.462862,0.551862,0.642478,0.748037,0.814514,0.868275,0.876554,0.829272,0.928509,0.879021,0.816575,0.859087,0.804768,0.668344,0.535374,0.5194,0.362616,0.308044,0.245277,0.262764,0.518879
T4,25/06/2021 19:39:39,750nm,Breathe-Easy, A,0.213882,0.197304,0.196699,0.201593,0.20368,0.214404,0.219792,0.210298,0.204531,0.206896,0.237806,0.211956,0.209976,0.188474,0.192068,0.194701,0.18096,0.194874,0.186578,0.190544,0.181066,0.205951,0.228507,0.238689
T4,25/06/2021 19:39:39,750nm,Breathe-Easy, B,0.217416,0.192099,0.191659,0.194686,0.192142,0.199246,0.195634,0.196628,0.199333,0.194711,0.19644,0.197151,0.200001,0.188278,0.194011,0.190465,0.191858,0.186426,0.188808,0.184964,0.190913,0.194143,0.192163,0.241478
T4,25/06/2021 19:39:39,750nm,Breathe-Easy, C,0.222656,0.195626,0.190534,0.187127,0.192547,0.195972,0.192799,0.190306,0.192662,0.18621,0.190392,0.187373,0.191312,0.192714,0.201078,0.196167,0.189733,0.192818,0.19012,0.203794,0.204345,0.216392,0.208968,0.232682
T4,25/06/2021 19:39:39,750nm,Breathe-Easy, D,0.216724,0.196367,0.188538,0.192086,0.197119,0.19738,0.189677,0.204134,0.200172,0.190852,0.194955,0.194161,0.191832,0.197368,0.191004,0.193653,0.193268,0.194535,0.205315,0.218855,0.232385,0.228462,0.210136,0.236579
T4,25/06/2021 19:39:39,750nm,Breathe-Easy, E,0.215432,0.193975,0.192878,0.18277,0.188676,0.190044,0.192934,0.186947,0.194107,0.195765,0.195801,0.195823,0.198296,0.199759,0.197382,0.199966,0.204016,0.20641,0.212362,0.226893,0.231711,0.215638,0.203485,0.208153
T4,25/06/2021 19:39:39,750nm,Breathe-Easy, F,0.211014,0.192093,0.190176,0.189628,0.195142,0.190205,0.19991,0.194864,0.205856,0.198955,0.198487,0.19933,0.204281,0.205676,0.206092,0.208273,0.211707,0.214692,0.219433,0.230692,0.22959,0.227263,0.213169,0.216778
T4,25/06/2021 19:39:39,750nm,Breathe-Easy, G,0.209087,0.191748,0.188572,0.1874,0.189218,0.19173,0.199651,0.19255,0.203413,0.201679,0.203211,0.202296,0.205963,0.207706,0.210282,0.219187,0.216881,0.222615,0.223997,0.225031,0.231841,0.239019,0.232986,0.215101
T4,25/06/2021 19:39:39,750nm,Breathe-Easy, H,0.208,0.192308,0.18923,0.193493,0.194405,0.18955,0.193959,0.196663,0.204827,0.216063,0.204996,0.209506,0.208146,0.216385,0.215238,0.222562,0.218731,0.222567,0.222735,0.223823,0.229921,0.235865,0.235009,0.2207
T4,25/06/2021 19:39:39,750nm,Breathe-Easy, I,0.205104,0.193128,0.190763,0.187153,0.192543,0.193978,0.201093,0.202288,0.212306,0.212361,0.214706,0.211785,0.212467,0.217102,0.221196,0.216808,0.220584,0.217441,0.216571,0.220326,0.216357,0.226295,0.22353,0.22793
T4,25/06/2021 19:39:39,750nm,Breathe-Easy, J,0.203449,0.197282,0.197838,0.196193,0.198333,0.197484,0.203407,0.206059,0.216402,0.215952,0.212996,0.218655,0.212231,0.211254,0.210101,0.212336,0.211847,0.215343,0.214078,0.219703,0.215723,0.218026,0.20484,0.217055
T4,25/06/2021 19:39:39,750nm,Breathe-Easy, K,0.205309,0.196539,0.195412,0.193942,0.193427,0.198519,0.20453,0.2021,0.203669,0.198431,0.201996,0.204499,0.204269,0.202032,0.201856,0.202939,0.208775,0.206143,0.213486,0.209214,0.212404,0.207962,0.196136,0.206546
T4,25/06/2021 19:39:39,750nm,Breathe-Easy, L,0.197148,0.197413,0.191341,0.1914,0.188649,0.192497,0.195911,0.193491,0.202884,0.198005,0.199754,0.204646,0.196132,0.199586,0.197745,0.202953,0.203718,0.204445,0.211542,0.220658,0.208613,0.200587,0.196407,0.25995
T4,25/06/2021 19:39:39,750nm,Breathe-Easy, M,0.198918,0.189175,0.191048,0.187139,0.190753,0.188439,0.18838,0.193314,0.194811,0.194925,0.195356,0.195587,0.197727,0.194035,0.190869,0.19779,0.202606,0.201953,0.200194,0.21003,0.208761,0.202817,0.191205,0.213666
T4,25/06/2021 19:39:39,750nm,Breathe-Easy, N,0.198094,0.194251,0.191235,0.188541,0.189654,0.186114,0.185374,0.183549,0.190184,0.188443,0.183665,0.190472,0.18691,0.188553,0.189924,0.191958,0.197746,0.193714,0.199596,0.19941,0.193761,0.186982,0.185161,0.215486
T4,25/06/2021 19:39:39,750nm,Breathe-Easy, O,0.203422,0.1902,0.193113,0.189951,0.191883,0.189888,0.19024,0.186336,0.183406,0.184588,0.188152,0.18842,0.185331,0.187781,0.186232,0.186882,0.193464,0.186739,0.183439,0.195503,0.188466,0.188343,0.187494,0.20078
T4,25/06/2021 19:39:39,750nm,Breathe-Easy, P,0.209563,0.204297,0.203408,0.200546,0.201894,0.195946,0.1951,0.19035,0.19691,0.196741,0.195734,0.194566,0.196125,0.192867,0.195078,0.197211,0.188884,0.196115,0.19285,0.184753,0.197657,0.194093,0.194822,0.207762
T4,25/06/2021 19:39:39,750nm,AeraSeal, A,0.278833,1.22844,1.32052,1.4367,1.24162,1.32524,1.28137,1.18157,1.38719,1.33991,1.22677,1.42611,1.32465,1.24937,1.46643,1.32396,1.47013,1.49339,1.47605,1.3134,1.32326,1.40427,1.3444,1.4505
T4,25/06/2021 19:39:39,750nm,AeraSeal, B,0.358021,1.26787,1.28695,1.19349,1.28812,1.23753,1.28721,1.19479,1.41619,1.45824,1.36981,1.45059,1.3222,1.31738,1.47409,1.2875,1.31351,1.34998,1.30101,1.35488,1.31555,1.42134,1.44182,1.36144
T4,25/06/2021 19:39:39,750nm,AeraSeal, C,0.568395,1.3053,1.29032,1.35107,1.36062,1.32769,1.39436,1.29171,1.31872,1.39726,1.26175,1.44111,1.3142,1.32558,1.24256,1.31409,1.41191,1.41263,1.44456,1.14703,1.13662,1.21078,1.27301,1.45695
T4,25/06/2021 19:39:39,750nm,AeraSeal, D,0.384909,1.30798,1.27385,1.29204,1.28792,1.2255,1.41433,1.22457,1.3626,1.38518,1.29348,1.43092,1.15651,1.24153,1.27335,1.29196,1.34741,1.23729,1.28661,1.22841,1.17674,1.33691,1.25099,1.31391
T4,25/06/2021 19:39:39,750nm,AeraSeal, E,0.558371,1.29025,1.26331,1.43884,1.26316,1.20758,1.37596,1.44237,1.35709,1.35209,1.33165,1.07988,1.33628,1.14402,1.23463,1.35848,1.38811,1.38376,1.39666,1.22607,1.29218,1.24443,1.29075,1.3186
T4,25/06/2021 19:39:39,750nm,AeraSeal, F,0.262259,1.22391,1.32916,1.35205,1.257,1.29512,1.22118,1.39838,1.385,1.19858,1.33414,1.46074,1.35269,1.29985,1.37081,1.21248,1.33315,1.36454,1.20264,1.10753,1.2601,1.43197,1.19765,1.30011
T4,25/06/2021 19:39:39,750nm,AeraSeal, G,0.354676,1.23014,1.24205,1.40735,1.28257,1.38861,1.02236,1.03608,1.3581,1.38941,1.30591,1.36666,1.35313,1.27814,1.09053,1.24872,1.48009,1.40133,0.809718,1.28645,1.43784,1.25634,0.56714,0.192301
T4,25/06/2021 19:39:39,750nm,AeraSeal, H,0.547205,0.159941,1.37595,1.46998,1.53902,1.1292,1.27074,1.25002,1.38481,1.26142,1.2644,1.27283,1.07431,1.37287,1.13789,1.36851,1.5217,1.40499,1.3494,1.05383,1.34916,1.3757,1.36864,0.642993
T4,25/06/2021 19:39:39,750nm,AeraSeal, I,0.442209,1.22161,1.20997,1.07377,1.26078,1.2596,1.37448,1.18717,1.32774,1.27337,1.15865,1.3283,1.34359,1.20035,1.17714,1.33964,0.67348,1.37731,1.32876,1.2012,1.32388,1.2407,1.36236,1.25415
T4,25/06/2021 19:39:39,750nm,AeraSeal, J,0.319746,1.28852,0.956762,1.2588,1.44047,1.45551,1.29136,1.23447,1.30867,1.11523,1.14679,1.29616,1.42208,1.41385,1.32706,1.31783,1.32331,1.37839,1.37846,1.19124,1.444,1.1882,1.17596,1.18869
T4,25/06/2021 19:39:39,750nm,AeraSeal, K,0.650996,1.2898,1.27086,1.32326,1.2839,1.34704,1.40058,1.42159,1.41773,1.42069,1.33919,1.32761,1.3774,1.36023,1.23462,1.49853,1.32014,1.30326,1.35447,1.15755,1.17631,1.2475,1.28998,1.29993
T4,25/06/2021 19:39:39,750nm,AeraSeal, L,0.484818,1.05147,1.24062,1.27566,1.31165,1.39221,1.41934,1.31812,1.37908,1.37617,0.958764,1.3789,1.16467,1.16118,1.13401,1.41928,1.38348,1.24448,1.37692,1.23233,1.40746,0.263208,1.25827,1.39206
T4,25/06/2021 19:39:39,750nm,AeraSeal, M,0.374324,1.18311,1.38948,1.40825,1.44963,1.31118,1.34717,1.29686,1.33097,1.30621,1.43412,1.41196,1.43284,1.27393,1.41807,1.33906,1.32443,1.10005,1.31618,0.864207,0.850341,1.37235,1.18142,1.15789
T4,25/06/2021 19:39:39,750nm,AeraSeal, N,0.426317,1.30886,1.30603,1.29793,1.34973,0.578707,1.44986,1.29319,1.35701,1.26672,1.33602,1.50556,1.2789,1.4031,1.36472,1.32569,1.36344,1.32266,1.39424,1.23169,0.604633,1.19646,1.41553,0.24908
T4,25/06/2021 19:39:39,750nm,AeraSeal, O,0.350228,1.39253,1.3365,1.24522,1.30249,1.44914,1.24124,1.35026,1.23735,1.46964,1.37379,1.31602,1.31242,1.29104,1.20775,1.52802,1.34415,1.34354,1.33744,1.35721,0.171142,1.38138,1.39591,1.29626
T4,25/06/2021 19:39:39,750nm,AeraSeal, P,0.377581,1.21376,1.30466,1.39647,1.25921,1.29246,1.24548,1.50492,1.29846,0.428798,1.2605,1.40186,0.425486,1.56064,1.16273,1.12582,0.312734,1.27698,1.39607,1.38454,0.282429,1.3794,1.44444,1.02826
T6,27/06/2021 12:53:46,750nm,Lid, A,0.142267,0.741898,0.571362,0.411641,0.499099,0.550112,0.729451,0.875045,0.879018,1.01605,1.02611,1.09223,1.08879,1.0691,0.997049,0.885015,0.547755,0.494945,0.463736,0.404547,0.35068,0.294984,0.338525,0.150643
T6,27/06/2021 12:53:46,750nm,Lid, B,0.819311,0.543987,0.406897,0.38783,0.475968,0.702436,0.838069,0.894035,0.892194,0.96955,0.994643,1.04304,0.937455,0.992565,0.920521,0.940425,0.8404,0.597109,0.511394,0.387931,0.308605,0.235759,0.311279,0.283407
T6,27/06/2021 12:53:46,750nm,Lid, C,0.712561,0.386561,0.516218,0.836205,0.586018,0.675873,0.609527,0.806108,0.656338,0.772557,0.7884,0.644871,0.669911,0.795962,0.593489,0.762915,0.829524,0.584457,0.64229,0.841603,0.839251,0.36131,0.194594,0.257218
T6,27/06/2021 12:53:46,750nm,Lid, D,0.722016,0.374946,0.567462,0.636976,0.399324,0.396487,0.385524,0.350684,0.30765,0.382217,0.327263,0.341959,0.360044,0.305758,0.418783,0.35692,0.559802,0.474797,0.459422,0.631314,0.642528,0.644066,0.240975,0.198557
T6,27/06/2021 12:53:46,750nm,Lid, E,0.543545,0.344302,0.583519,0.599355,0.324051,0.266239,0.312111,0.311044,0.28305,0.271153,0.273155,0.30303,0.313239,0.36525,0.30423,0.369242,0.406043,0.458303,0.58908,0.493947,0.539371,0.679717,0.36116,0.285199
T6,27/06/2021 12:53:46,750nm,Lid, F,0.440058,0.355734,0.360175,0.36017,0.294376,0.34271,0.308846,0.280249,0.274321,0.283174,0.289982,0.27842,0.316567,0.311533,0.319128,0.336949,0.363237,0.380541,0.427168,0.498735,0.521651,0.57289,0.54115,0.317961
T6,27/06/2021 12:53:46,750nm,Lid, G,0.378409,0.324752,0.322477,0.350553,0.280828,0.347439,0.316364,0.312536,0.271751,0.309706,0.262673,0.25127,0.256042,0.323844,0.303574,0.353176,0.319588,0.325636,0.34771,0.454464,0.485331,0.65797,0.341745,0.191523
T6,27/06/2021 12:53:46,750nm,Lid, H,0.382061,0.277329,0.288693,0.574091,0.285979,0.313606,0.29876,0.300273,0.253694,0.297913,0.258953,0.29268,0.315165,0.320866,0.338049,0.309277,0.307009,0.46295,0.387937,0.504126,0.611359,0.578274,0.281636,0.244255
T6,27/06/2021 12:53:46,750nm,Lid, I,0.57813,0.395428,0.364669,0.322113,0.286874,0.297223,0.2851,0.401422,0.282864,0.254776,0.262708,0.29313,0.319655,0.298155,0.349133,0.398918,0.361723,0.363324,0.37113,0.405491,0.542786,0.592587,0.311781,0.263111
T6,27/06/2021 12:53:46,750nm,Lid, J,0.717244,0.354517,0.33959,0.329626,0.275213,0.296218,0.281397,0.277928,0.260505,0.298395,0.308315,0.291149,0.279135,0.351988,0.339584,0.343333,0.344313,0.363778,0.367215,0.411769,0.457938,0.62651,0.202066,0.331544
T6,27/06/2021 12:53:46,750nm,Lid, K,0.453962,0.405771,0.592959,0.355116,0.325037,0.293039,0.337144,0.272214,0.278258,0.321738,0.287331,0.332788,0.324339,0.318851,0.34552,0.334938,0.371773,0.358476,0.374138,0.375423,0.624131,0.547481,0.27361,0.308298
T6,27/06/2021 12:53:46,750nm,Lid, L,0.496158,0.373389,0.604754,0.362317,0.518801,0.265248,0.316553,0.283044,0.305991,0.318833,0.319158,0.350583,0.277985,0.35068,0.385448,0.362474,0.397197,0.381478,0.365456,0.363919,0.587978,0.729102,0.258303,0.409662
T6,27/06/2021 12:53:46,750nm,Lid, M,0.627169,0.412936,0.363234,0.314981,0.313892,0.311787,0.352867,0.287443,0.333597,0.275629,0.353328,0.325771,0.37159,0.340575,0.31398,0.349672,0.352242,0.422749,0.36361,0.344523,0.721821,0.434644,0.231124,0.252019
T6,27/06/2021 12:53:46,750nm,Lid, N,0.841699,0.579325,0.434869,0.470512,0.522291,0.511917,0.323155,0.342727,0.321754,0.294446,0.305891,0.350411,0.34606,0.37789,0.33719,0.388995,0.457812,0.638361,0.616528,0.501915,0.706488,0.541987,0.192231,0.280647
T6,27/06/2021 12:53:46,750nm,Lid, O,1.00394,0.619512,0.557755,0.474609,0.543656,0.684929,0.742999,0.648728,0.75796,0.534631,0.487639,0.754851,0.384955,0.871042,0.681094,0.826409,0.705416,0.622435,0.408503,0.372521,0.277467,0.26805,0.330511,0.34853
T6,27/06/2021 12:53:46,750nm,Lid, P,0.167642,0.934482,0.594928,0.605025,0.650243,0.764553,0.93679,1.07642,1.14696,1.1269,1.07982,1.18144,1.10506,1.03763,1.1183,1.00161,0.748961,0.572073,0.503007,0.465447,0.423581,0.391697,0.388844,0.296525
T6,27/06/2021 12:53:46,750nm,Breathe-Easy, A,0.192867,0.190968,0.18328,0.194738,0.19594,0.20302,0.205542,0.202145,0.194501,0.194764,0.22363,0.203275,0.197743,0.186779,0.190489,0.20126,0.181564,0.194255,0.181773,0.192389,0.176085,0.201818,0.216454,0.223485
T6,27/06/2021 12:53:46,750nm,Breathe-Easy, B,0.197374,0.181624,0.185804,0.194537,0.191858,0.199835,0.198528,0.198145,0.202243,0.194583,0.199327,0.198303,0.20081,0.190092,0.198421,0.19224,0.196379,0.19309,0.191044,0.191065,0.193586,0.198751,0.191107,0.236383
T6,27/06/2021 12:53:46,750nm,Breathe-Easy, C,0.200769,0.187896,0.190207,0.188106,0.193576,0.196235,0.193066,0.191034,0.194728,0.186686,0.193137,0.18956,0.186809,0.192546,0.19941,0.196989,0.191523,0.19371,0.190393,0.20607,0.211508,0.223693,0.219605,0.226366
T6,27/06/2021 12:53:46,750nm,Breathe-Easy, D,0.197495,0.19205,0.187752,0.192854,0.199608,0.193486,0.189617,0.206911,0.194519,0.18847,0.193813,0.192656,0.186223,0.19226,0.186874,0.19069,0.191818,0.192549,0.198327,0.213049,0.2228,0.233311,0.212679,0.241039
T6,27/06/2021 12:53:46,750nm,Breathe-Easy, E,0.200133,0.190662,0.193699,0.182197,0.183853,0.190585,0.18963,0.183568,0.188396,0.192336,0.189143,0.196437,0.19491,0.195406,0.193206,0.200926,0.205362,0.202308,0.205858,0.224937,0.231532,0.213537,0.207133,0.215718
T6,27/06/2021 12:53:46,750nm,Breathe-Easy, F,0.195365,0.19746,0.195768,0.188345,0.198368,0.192331,0.19604,0.188404,0.204043,0.192539,0.193318,0.194645,0.200132,0.203082,0.20671,0.196713,0.201011,0.210163,0.214267,0.227403,0.228227,0.2343,0.223936,0.21769
T6,27/06/2021 12:53:46,750nm,Breathe-Easy, G,0.194982,0.194018,0.197411,0.195056,0.193175,0.194258,0.198644,0.190386,0.199843,0.198062,0.197263,0.199025,0.199631,0.204241,0.206702,0.221105,0.21883,0.223737,0.217966,0.225967,0.233891,0.250185,0.238718,0.21199
T6,27/06/2021 12:53:46,750nm,Breathe-Easy, H,0.197734,0.200724,0.193336,0.194324,0.19977,0.189498,0.187707,0.194896,0.203136,0.200957,0.198457,0.206762,0.2065,0.21212,0.209059,0.22225,0.215558,0.218404,0.218439,0.230982,0.237224,0.242098,0.239047,0.23395
T6,27/06/2021 12:53:46,750nm,Breathe-Easy, I,0.197605,0.195559,0.195853,0.188515,0.193454,0.192934,0.203939,0.204877,0.217367,0.208624,0.211368,0.206583,0.210818,0.215794,0.22151,0.214665,0.216004,0.217417,0.218004,0.227317,0.210376,0.238515,0.227818,0.247913
T6,27/06/2021 12:53:46,750nm,Breathe-Easy, J,0.193173,0.197019,0.197808,0.203678,0.20168,0.197648,0.203872,0.205952,0.221319,0.214868,0.210847,0.221052,0.211929,0.219609,0.210207,0.212117,0.212848,0.225755,0.219629,0.231572,0.220608,0.232959,0.214681,0.233235
T6,27/06/2021 12:53:46,750nm,Breathe-Easy, K,0.196077,0.199763,0.200847,0.200377,0.200205,0.197763,0.204008,0.203867,0.207447,0.197609,0.199067,0.201828,0.205774,0.205892,0.204993,0.209058,0.215874,0.211946,0.220863,0.20354,0.214557,0.213377,0.205417,0.213166
T6,27/06/2021 12:53:46,750nm,Breathe-Easy, L,0.190346,0.202689,0.200743,0.203463,0.196199,0.199589,0.199362,0.196044,0.203099,0.199869,0.201032,0.211785,0.196879,0.203877,0.201228,0.211923,0.214,0.207367,0.223057,0.232992,0.210967,0.20937,0.207963,0.260365
T6,27/06/2021 12:53:46,750nm,Breathe-Easy, M,0.190273,0.192622,0.202737,0.196643,0.204744,0.19822,0.196169,0.2028,0.202776,0.200482,0.203509,0.197488,0.206066,0.198104,0.193124,0.202504,0.204048,0.205881,0.202338,0.220967,0.21745,0.220729,0.198525,0.224468
T6,27/06/2021 12:53:46,750nm,Breathe-Easy, N,0.190642,0.200385,0.199107,0.20073,0.207449,0.196342,0.192428,0.195525,0.196558,0.201881,0.185028,0.194619,0.189213,0.194271,0.191773,0.19884,0.206121,0.200038,0.207724,0.215965,0.196802,0.208191,0.198335,0.22394
T6,27/06/2021 12:53:46,750nm,Breathe-Easy, O,0.195462,0.190233,0.202583,0.200305,0.206014,0.205171,0.209053,0.197016,0.194321,0.19386,0.201579,0.201151,0.196195,0.199098,0.200971,0.198648,0.211572,0.201993,0.195124,0.188678,0.203181,0.205556,0.205399,0.207593
T6,27/06/2021 12:53:46,750nm,Breathe-Easy, P,0.201748,0.201934,0.213081,0.203249,0.209893,0.203567,0.204176,0.205617,0.210576,0.212625,0.214589,0.209366,0.212593,0.210342,0.213053,0.217725,0.20399,0.214375,0.218464,0.201455,0.217,0.213123,0.214378,0.195254
T6,27/06/2021 12:53:46,750nm,AeraSeal, A,0.315955,1.58349,0.253006,0.409543,1.38754,0.178941,0.209242,1.50276,0.349229,0.371998,0.668002,0.205648,1.15607,0.264612,0.303455,0.251437,0.407486,0.587265,0.318493,1.37038,0.832922,0.603293,0.27664,0.555243
T6,27/06/2021 12:53:46,750nm,AeraSeal, B,0.386183,0.458289,0.205441,1.52702,1.0028,1.40638,0.195378,0.269648,0.339818,0.448519,0.239215,0.63775,0.139551,0.222554,0.139894,0.225235,0.122909,0.215433,0.234015,0.120255,0.241276,0.250548,0.633303,0.363627
T6,27/06/2021 12:53:46,750nm,AeraSeal, C,0.60294,0.349127,0.702855,0.262298,0.147861,0.577435,0.292212,0.457437,0.53835,0.596951,0.411567,0.425358,0.208009,0.369044,0.39646,0.266754,0.459411,0.125059,0.55988,1.3015,0.342998,0.54865,0.218094,0.648567
T6,27/06/2021 12:53:46,750nm,AeraSeal, D,0.433792,0.573633,0.216216,0.195765,0.184837,1.41246,0.409903,1.59137,0.22055,0.236481,0.15959,0.215264,0.60006,0.791407,0.470047,0.324332,0.45465,0.120598,0.569768,0.232924,0.328577,0.274386,1.37236,0.20346
T6,27/06/2021 12:53:46,750nm,AeraSeal, E,0.600095,0.219235,0.23099,0.275115,0.28759,1.56068,0.320661,0.219299,0.258577,0.22295,0.235107,0.163969,0.540532,0.296082,0.249005,0.463213,0.246856,0.288002,0.554283,0.976365,0.257323,0.253271,0.141528,0.606519
T6,27/06/2021 12:53:46,750nm,AeraSeal, F,0.31554,0.195305,0.420256,0.600313,1.31386,0.318178,1.3322,0.624007,0.127746,0.342667,0.232946,0.565114,0.671264,0.209709,0.701108,0.665871,0.979068,0.254599,0.571391,1.26082,0.167596,0.55264,0.233205,0.540018
T6,27/06/2021 12:53:46,750nm,AeraSeal, G,0.407321,1.50717,1.50144,0.640549,0.132297,0.635221,1.3817,1.18242,0.232039,0.30688,0.465046,0.451914,0.62369,0.196006,0.45339,0.309473,0.618313,0.615609,0.609527,0.158359,0.517372,0.446156,0.383399,0.551718
T6,27/06/2021 12:53:46,750nm,AeraSeal, H,0.588878,0.464444,0.495372,0.500723,0.469636,0.961492,0.43171,0.246965,0.676786,0.348957,0.223604,0.328891,0.5544,0.677174,0.762655,0.215655,0.805593,0.177236,0.740074,1.17215,0.461086,0.293458,0.463212,0.347298
T6,27/06/2021 12:53:46,750nm,AeraSeal, I,0.470219,0.246666,0.150398,0.949422,0.956707,0.317963,0.382465,1.46898,0.30525,0.205863,0.980877,0.169562,0.408994,0.37377,0.722176,0.581364,0.593555,0.3813,0.769688,0.959068,0.137726,0.847478,0.133923,0.695663
T6,27/06/2021 12:53:46,750nm,AeraSeal, J,0.341108,0.452251,1.27561,0.604659,0.341082,0.639668,0.135705,1.25391,0.398324,0.660855,0.85812,0.353,0.238956,0.136978,0.176651,0.149047,0.435523,0.882304,0.550267,0.272629,0.297281,0.67169,0.587652,0.238287
T6,27/06/2021 12:53:46,750nm,AeraSeal, K,0.670747,0.824888,0.631684,0.73011,0.359486,0.851556,0.448615,0.681097,0.274619,0.665646,0.931398,0.784776,0.739605,0.715107,0.572639,0.490353,0.697946,0.642267,0.219634,1.428,0.768109,0.220633,0.606233,0.654183
T6,27/06/2021 12:53:46,750nm,AeraSeal, L,0.521049,1.40141,0.456939,0.130752,1.22363,0.40348,0.484867,0.399798,0.732432,0.813015,0.337701,0.606959,1.0259,0.551271,0.712601,0.466056,0.812643,0.751571,0.399451,0.68487,0.678265,0.288947,0.436429,0.51828
T6,27/06/2021 12:53:46,750nm,AeraSeal, M,0.394295,1.36107,0.6306,0.728421,0.707642,0.859224,0.217464,0.170259,0.827597,0.1922,0.578431,0.854234,0.704391,1.28182,0.291413,0.632395,0.558069,1.19498,0.1591,1.28625,0.689405,0.681288,0.406625,0.854021
T6,27/06/2021 12:53:46,750nm,AeraSeal, N,0.478006,0.672305,0.736649,0.186467,0.39784,0.540782,0.492012,0.524466,0.681854,0.729311,0.132494,0.623721,0.487172,0.12518,0.212225,0.348122,0.638171,0.782414,0.396222,0.277374,0.62029,0.846536,0.726046,0.305981
T6,27/06/2021 12:53:46,750nm,AeraSeal, O,0.420928,0.475876,0.260007,0.315758,0.299834,0.558376,1.45317,0.399991,0.730037,0.643911,0.467441,0.678678,0.650373,0.840115,0.452738,0.681101,0.58449,0.140565,0.64705,0.310992,0.618759,0.639162,0.683085,0.626212
T6,27/06/2021 12:53:46,750nm,AeraSeal, P,0.433807,0.564714,0.614761,0.150914,1.39337,0.674707,0.336845,0.581933,0.235049,0.328827,0.456828,0.647511,0.423532,0.749763,0.364176,0.604639,0.522045,0.784659,0.372272,0.19252,0.328769,0.520155,0.467409,0.518129